0,org.jfree.chart.renderer.category.junit.AbstractCategoryItemRendererTests#test2947660,FAIL
64,org.jfree.chart.renderer.category.junit.AbstractCategoryItemRendererTests#test2947660,FAIL
88,org.jfree.chart.renderer.category.junit.AbstractCategoryItemRendererTests#test2947660,FAIL
91,org.jfree.chart.renderer.category.junit.AbstractCategoryItemRendererTests#test2947660,FAIL
92,org.jfree.chart.renderer.category.junit.AbstractCategoryItemRendererTests#test2947660,FAIL
59,org.jfree.chart.renderer.category.junit.AbstractCategoryItemRendererTests#test2947660,FAIL
59,org.jfree.chart.renderer.category.junit.AbstractCategoryItemRendererTests#test2947660,FAIL
59,org.jfree.chart.renderer.category.junit.AbstractCategoryItemRendererTests#test2947660,FAIL
59,org.jfree.chart.renderer.category.junit.AbstractCategoryItemRendererTests#test2947660,FAIL
59,org.jfree.chart.renderer.category.junit.AbstractCategoryItemRendererTests#test2947660,FAIL
59,org.jfree.chart.renderer.category.junit.AbstractCategoryItemRendererTests#test2947660,FAIL
62,org.jfree.chart.renderer.category.junit.AbstractCategoryItemRendererTests#test2947660,FAIL
62,org.jfree.chart.renderer.category.junit.AbstractCategoryItemRendererTests#test2947660,FAIL
62,org.jfree.chart.renderer.category.junit.AbstractCategoryItemRendererTests#test2947660,FAIL
62,org.jfree.chart.renderer.category.junit.AbstractCategoryItemRendererTests#test2947660,FAIL
62,org.jfree.chart.renderer.category.junit.AbstractCategoryItemRendererTests#test2947660,FAIL
62,org.jfree.chart.renderer.category.junit.AbstractCategoryItemRendererTests#test2947660,FAIL
65,org.jfree.chart.renderer.category.junit.AbstractCategoryItemRendererTests#test2947660,FAIL
65,org.jfree.chart.renderer.category.junit.AbstractCategoryItemRendererTests#test2947660,FAIL
65,org.jfree.chart.renderer.category.junit.AbstractCategoryItemRendererTests#test2947660,FAIL
65,org.jfree.chart.renderer.category.junit.AbstractCategoryItemRendererTests#test2947660,FAIL
65,org.jfree.chart.renderer.category.junit.AbstractCategoryItemRendererTests#test2947660,FAIL
65,org.jfree.chart.renderer.category.junit.AbstractCategoryItemRendererTests#test2947660,FAIL
68,org.jfree.chart.renderer.category.junit.AbstractCategoryItemRendererTests#test2947660,FAIL
68,org.jfree.chart.renderer.category.junit.AbstractCategoryItemRendererTests#test2947660,FAIL
68,org.jfree.chart.renderer.category.junit.AbstractCategoryItemRendererTests#test2947660,FAIL
68,org.jfree.chart.renderer.category.junit.AbstractCategoryItemRendererTests#test2947660,FAIL
68,org.jfree.chart.renderer.category.junit.AbstractCategoryItemRendererTests#test2947660,FAIL
68,org.jfree.chart.renderer.category.junit.AbstractCategoryItemRendererTests#test2947660,FAIL
71,org.jfree.chart.renderer.category.junit.AbstractCategoryItemRendererTests#test2947660,FAIL
71,org.jfree.chart.renderer.category.junit.AbstractCategoryItemRendererTests#test2947660,FAIL
71,org.jfree.chart.renderer.category.junit.AbstractCategoryItemRendererTests#test2947660,FAIL
71,org.jfree.chart.renderer.category.junit.AbstractCategoryItemRendererTests#test2947660,FAIL
71,org.jfree.chart.renderer.category.junit.AbstractCategoryItemRendererTests#test2947660,FAIL
71,org.jfree.chart.renderer.category.junit.AbstractCategoryItemRendererTests#test2947660,FAIL
74,org.jfree.chart.renderer.category.junit.AbstractCategoryItemRendererTests#test2947660,FAIL
74,org.jfree.chart.renderer.category.junit.AbstractCategoryItemRendererTests#test2947660,FAIL
74,org.jfree.chart.renderer.category.junit.AbstractCategoryItemRendererTests#test2947660,FAIL
74,org.jfree.chart.renderer.category.junit.AbstractCategoryItemRendererTests#test2947660,FAIL
74,org.jfree.chart.renderer.category.junit.AbstractCategoryItemRendererTests#test2947660,FAIL
74,org.jfree.chart.renderer.category.junit.AbstractCategoryItemRendererTests#test2947660,FAIL
77,org.jfree.chart.renderer.category.junit.AbstractCategoryItemRendererTests#test2947660,FAIL
77,org.jfree.chart.renderer.category.junit.AbstractCategoryItemRendererTests#test2947660,FAIL
77,org.jfree.chart.renderer.category.junit.AbstractCategoryItemRendererTests#test2947660,FAIL
77,org.jfree.chart.renderer.category.junit.AbstractCategoryItemRendererTests#test2947660,FAIL
77,org.jfree.chart.renderer.category.junit.AbstractCategoryItemRendererTests#test2947660,FAIL
77,org.jfree.chart.renderer.category.junit.AbstractCategoryItemRendererTests#test2947660,FAIL
80,org.jfree.chart.renderer.category.junit.AbstractCategoryItemRendererTests#test2947660,FAIL
80,org.jfree.chart.renderer.category.junit.AbstractCategoryItemRendererTests#test2947660,FAIL
80,org.jfree.chart.renderer.category.junit.AbstractCategoryItemRendererTests#test2947660,FAIL
80,org.jfree.chart.renderer.category.junit.AbstractCategoryItemRendererTests#test2947660,FAIL
80,org.jfree.chart.renderer.category.junit.AbstractCategoryItemRendererTests#test2947660,FAIL
80,org.jfree.chart.renderer.category.junit.AbstractCategoryItemRendererTests#test2947660,FAIL
83,org.jfree.chart.renderer.category.junit.AbstractCategoryItemRendererTests#test2947660,FAIL
83,org.jfree.chart.renderer.category.junit.AbstractCategoryItemRendererTests#test2947660,FAIL
83,org.jfree.chart.renderer.category.junit.AbstractCategoryItemRendererTests#test2947660,FAIL
83,org.jfree.chart.renderer.category.junit.AbstractCategoryItemRendererTests#test2947660,FAIL
83,org.jfree.chart.renderer.category.junit.AbstractCategoryItemRendererTests#test2947660,FAIL
83,org.jfree.chart.renderer.category.junit.AbstractCategoryItemRendererTests#test2947660,FAIL
86,org.jfree.chart.renderer.category.junit.AbstractCategoryItemRendererTests#test2947660,FAIL
86,org.jfree.chart.renderer.category.junit.AbstractCategoryItemRendererTests#test2947660,FAIL
86,org.jfree.chart.renderer.category.junit.AbstractCategoryItemRendererTests#test2947660,FAIL
86,org.jfree.chart.renderer.category.junit.AbstractCategoryItemRendererTests#test2947660,FAIL
86,org.jfree.chart.renderer.category.junit.AbstractCategoryItemRendererTests#test2947660,FAIL
86,org.jfree.chart.renderer.category.junit.AbstractCategoryItemRendererTests#test2947660,FAIL
89,org.jfree.chart.renderer.category.junit.AbstractCategoryItemRendererTests#test2947660,FAIL
89,org.jfree.chart.renderer.category.junit.AbstractCategoryItemRendererTests#test2947660,FAIL
89,org.jfree.chart.renderer.category.junit.AbstractCategoryItemRendererTests#test2947660,FAIL
89,org.jfree.chart.renderer.category.junit.AbstractCategoryItemRendererTests#test2947660,FAIL
89,org.jfree.chart.renderer.category.junit.AbstractCategoryItemRendererTests#test2947660,FAIL
89,org.jfree.chart.renderer.category.junit.AbstractCategoryItemRendererTests#test2947660,FAIL
92,org.jfree.chart.renderer.category.junit.AbstractCategoryItemRendererTests#test2947660,FAIL
92,org.jfree.chart.renderer.category.junit.AbstractCategoryItemRendererTests#test2947660,FAIL
92,org.jfree.chart.renderer.category.junit.AbstractCategoryItemRendererTests#test2947660,FAIL
92,org.jfree.chart.renderer.category.junit.AbstractCategoryItemRendererTests#test2947660,FAIL
92,org.jfree.chart.renderer.category.junit.AbstractCategoryItemRendererTests#test2947660,FAIL
92,org.jfree.chart.renderer.category.junit.AbstractCategoryItemRendererTests#test2947660,FAIL
95,org.jfree.chart.renderer.category.junit.AbstractCategoryItemRendererTests#test2947660,FAIL
95,org.jfree.chart.renderer.category.junit.AbstractCategoryItemRendererTests#test2947660,FAIL
95,org.jfree.chart.renderer.category.junit.AbstractCategoryItemRendererTests#test2947660,FAIL
95,org.jfree.chart.renderer.category.junit.AbstractCategoryItemRendererTests#test2947660,FAIL
95,org.jfree.chart.renderer.category.junit.AbstractCategoryItemRendererTests#test2947660,FAIL
95,org.jfree.chart.renderer.category.junit.AbstractCategoryItemRendererTests#test2947660,FAIL
98,org.jfree.chart.renderer.category.junit.AbstractCategoryItemRendererTests#test2947660,FAIL
98,org.jfree.chart.renderer.category.junit.AbstractCategoryItemRendererTests#test2947660,FAIL
98,org.jfree.chart.renderer.category.junit.AbstractCategoryItemRendererTests#test2947660,FAIL
98,org.jfree.chart.renderer.category.junit.AbstractCategoryItemRendererTests#test2947660,FAIL
98,org.jfree.chart.renderer.category.junit.AbstractCategoryItemRendererTests#test2947660,FAIL
98,org.jfree.chart.renderer.category.junit.AbstractCategoryItemRendererTests#test2947660,FAIL
101,org.jfree.chart.renderer.category.junit.AbstractCategoryItemRendererTests#test2947660,FAIL
101,org.jfree.chart.renderer.category.junit.AbstractCategoryItemRendererTests#test2947660,FAIL
101,org.jfree.chart.renderer.category.junit.AbstractCategoryItemRendererTests#test2947660,FAIL
101,org.jfree.chart.renderer.category.junit.AbstractCategoryItemRendererTests#test2947660,FAIL
101,org.jfree.chart.renderer.category.junit.AbstractCategoryItemRendererTests#test2947660,FAIL
101,org.jfree.chart.renderer.category.junit.AbstractCategoryItemRendererTests#test2947660,FAIL
104,org.jfree.chart.renderer.category.junit.AbstractCategoryItemRendererTests#test2947660,FAIL
104,org.jfree.chart.renderer.category.junit.AbstractCategoryItemRendererTests#test2947660,FAIL
104,org.jfree.chart.renderer.category.junit.AbstractCategoryItemRendererTests#test2947660,FAIL
104,org.jfree.chart.renderer.category.junit.AbstractCategoryItemRendererTests#test2947660,FAIL
104,org.jfree.chart.renderer.category.junit.AbstractCategoryItemRendererTests#test2947660,FAIL
104,org.jfree.chart.renderer.category.junit.AbstractCategoryItemRendererTests#test2947660,FAIL
107,org.jfree.chart.renderer.category.junit.AbstractCategoryItemRendererTests#test2947660,FAIL
107,org.jfree.chart.renderer.category.junit.AbstractCategoryItemRendererTests#test2947660,FAIL
107,org.jfree.chart.renderer.category.junit.AbstractCategoryItemRendererTests#test2947660,FAIL
107,org.jfree.chart.renderer.category.junit.AbstractCategoryItemRendererTests#test2947660,FAIL
107,org.jfree.chart.renderer.category.junit.AbstractCategoryItemRendererTests#test2947660,FAIL
107,org.jfree.chart.renderer.category.junit.AbstractCategoryItemRendererTests#test2947660,FAIL
110,org.jfree.chart.renderer.category.junit.AbstractCategoryItemRendererTests#test2947660,FAIL
110,org.jfree.chart.renderer.category.junit.AbstractCategoryItemRendererTests#test2947660,FAIL
110,org.jfree.chart.renderer.category.junit.AbstractCategoryItemRendererTests#test2947660,FAIL
110,org.jfree.chart.renderer.category.junit.AbstractCategoryItemRendererTests#test2947660,FAIL
110,org.jfree.chart.renderer.category.junit.AbstractCategoryItemRendererTests#test2947660,FAIL
110,org.jfree.chart.renderer.category.junit.AbstractCategoryItemRendererTests#test2947660,FAIL
113,org.jfree.chart.renderer.category.junit.AbstractCategoryItemRendererTests#test2947660,FAIL
113,org.jfree.chart.renderer.category.junit.AbstractCategoryItemRendererTests#test2947660,FAIL
113,org.jfree.chart.renderer.category.junit.AbstractCategoryItemRendererTests#test2947660,FAIL
113,org.jfree.chart.renderer.category.junit.AbstractCategoryItemRendererTests#test2947660,FAIL
113,org.jfree.chart.renderer.category.junit.AbstractCategoryItemRendererTests#test2947660,FAIL
113,org.jfree.chart.renderer.category.junit.AbstractCategoryItemRendererTests#test2947660,FAIL
116,org.jfree.chart.renderer.category.junit.AbstractCategoryItemRendererTests#test2947660,FAIL
116,org.jfree.chart.renderer.category.junit.AbstractCategoryItemRendererTests#test2947660,FAIL
116,org.jfree.chart.renderer.category.junit.AbstractCategoryItemRendererTests#test2947660,FAIL
116,org.jfree.chart.renderer.category.junit.AbstractCategoryItemRendererTests#test2947660,FAIL
116,org.jfree.chart.renderer.category.junit.AbstractCategoryItemRendererTests#test2947660,FAIL
116,org.jfree.chart.renderer.category.junit.AbstractCategoryItemRendererTests#test2947660,FAIL
119,org.jfree.chart.renderer.category.junit.AbstractCategoryItemRendererTests#test2947660,FAIL
119,org.jfree.chart.renderer.category.junit.AbstractCategoryItemRendererTests#test2947660,FAIL
119,org.jfree.chart.renderer.category.junit.AbstractCategoryItemRendererTests#test2947660,FAIL
119,org.jfree.chart.renderer.category.junit.AbstractCategoryItemRendererTests#test2947660,FAIL
119,org.jfree.chart.renderer.category.junit.AbstractCategoryItemRendererTests#test2947660,FAIL
119,org.jfree.chart.renderer.category.junit.AbstractCategoryItemRendererTests#test2947660,FAIL
122,org.jfree.chart.renderer.category.junit.AbstractCategoryItemRendererTests#test2947660,FAIL
122,org.jfree.chart.renderer.category.junit.AbstractCategoryItemRendererTests#test2947660,FAIL
122,org.jfree.chart.renderer.category.junit.AbstractCategoryItemRendererTests#test2947660,FAIL
122,org.jfree.chart.renderer.category.junit.AbstractCategoryItemRendererTests#test2947660,FAIL
122,org.jfree.chart.renderer.category.junit.AbstractCategoryItemRendererTests#test2947660,FAIL
122,org.jfree.chart.renderer.category.junit.AbstractCategoryItemRendererTests#test2947660,FAIL
125,org.jfree.chart.renderer.category.junit.AbstractCategoryItemRendererTests#test2947660,FAIL
125,org.jfree.chart.renderer.category.junit.AbstractCategoryItemRendererTests#test2947660,FAIL
125,org.jfree.chart.renderer.category.junit.AbstractCategoryItemRendererTests#test2947660,FAIL
125,org.jfree.chart.renderer.category.junit.AbstractCategoryItemRendererTests#test2947660,FAIL
125,org.jfree.chart.renderer.category.junit.AbstractCategoryItemRendererTests#test2947660,FAIL
125,org.jfree.chart.renderer.category.junit.AbstractCategoryItemRendererTests#test2947660,FAIL
128,org.jfree.chart.renderer.category.junit.AbstractCategoryItemRendererTests#test2947660,FAIL
128,org.jfree.chart.renderer.category.junit.AbstractCategoryItemRendererTests#test2947660,FAIL
128,org.jfree.chart.renderer.category.junit.AbstractCategoryItemRendererTests#test2947660,FAIL
128,org.jfree.chart.renderer.category.junit.AbstractCategoryItemRendererTests#test2947660,FAIL
128,org.jfree.chart.renderer.category.junit.AbstractCategoryItemRendererTests#test2947660,FAIL
128,org.jfree.chart.renderer.category.junit.AbstractCategoryItemRendererTests#test2947660,FAIL
152,org.jfree.chart.renderer.category.junit.AbstractCategoryItemRendererTests#test2947660,FAIL
152,org.jfree.chart.renderer.category.junit.AbstractCategoryItemRendererTests#test2947660,FAIL
152,org.jfree.chart.renderer.category.junit.AbstractCategoryItemRendererTests#test2947660,FAIL
152,org.jfree.chart.renderer.category.junit.AbstractCategoryItemRendererTests#test2947660,FAIL
152,org.jfree.chart.renderer.category.junit.AbstractCategoryItemRendererTests#test2947660,FAIL
152,org.jfree.chart.renderer.category.junit.AbstractCategoryItemRendererTests#test2947660,FAIL
153,org.jfree.chart.renderer.category.junit.AbstractCategoryItemRendererTests#test2947660,FAIL
153,org.jfree.chart.renderer.category.junit.AbstractCategoryItemRendererTests#test2947660,FAIL
153,org.jfree.chart.renderer.category.junit.AbstractCategoryItemRendererTests#test2947660,FAIL
153,org.jfree.chart.renderer.category.junit.AbstractCategoryItemRendererTests#test2947660,FAIL
153,org.jfree.chart.renderer.category.junit.AbstractCategoryItemRendererTests#test2947660,FAIL
153,org.jfree.chart.renderer.category.junit.AbstractCategoryItemRendererTests#test2947660,FAIL
154,org.jfree.chart.renderer.category.junit.AbstractCategoryItemRendererTests#test2947660,FAIL
154,org.jfree.chart.renderer.category.junit.AbstractCategoryItemRendererTests#test2947660,FAIL
154,org.jfree.chart.renderer.category.junit.AbstractCategoryItemRendererTests#test2947660,FAIL
154,org.jfree.chart.renderer.category.junit.AbstractCategoryItemRendererTests#test2947660,FAIL
154,org.jfree.chart.renderer.category.junit.AbstractCategoryItemRendererTests#test2947660,FAIL
154,org.jfree.chart.renderer.category.junit.AbstractCategoryItemRendererTests#test2947660,FAIL
155,org.jfree.chart.renderer.category.junit.AbstractCategoryItemRendererTests#test2947660,FAIL
155,org.jfree.chart.renderer.category.junit.AbstractCategoryItemRendererTests#test2947660,FAIL
155,org.jfree.chart.renderer.category.junit.AbstractCategoryItemRendererTests#test2947660,FAIL
155,org.jfree.chart.renderer.category.junit.AbstractCategoryItemRendererTests#test2947660,FAIL
155,org.jfree.chart.renderer.category.junit.AbstractCategoryItemRendererTests#test2947660,FAIL
155,org.jfree.chart.renderer.category.junit.AbstractCategoryItemRendererTests#test2947660,FAIL
156,org.jfree.chart.renderer.category.junit.AbstractCategoryItemRendererTests#test2947660,FAIL
156,org.jfree.chart.renderer.category.junit.AbstractCategoryItemRendererTests#test2947660,FAIL
156,org.jfree.chart.renderer.category.junit.AbstractCategoryItemRendererTests#test2947660,FAIL
156,org.jfree.chart.renderer.category.junit.AbstractCategoryItemRendererTests#test2947660,FAIL
156,org.jfree.chart.renderer.category.junit.AbstractCategoryItemRendererTests#test2947660,FAIL
156,org.jfree.chart.renderer.category.junit.AbstractCategoryItemRendererTests#test2947660,FAIL
157,org.jfree.chart.renderer.category.junit.AbstractCategoryItemRendererTests#test2947660,FAIL
157,org.jfree.chart.renderer.category.junit.AbstractCategoryItemRendererTests#test2947660,FAIL
157,org.jfree.chart.renderer.category.junit.AbstractCategoryItemRendererTests#test2947660,FAIL
157,org.jfree.chart.renderer.category.junit.AbstractCategoryItemRendererTests#test2947660,FAIL
157,org.jfree.chart.renderer.category.junit.AbstractCategoryItemRendererTests#test2947660,FAIL
157,org.jfree.chart.renderer.category.junit.AbstractCategoryItemRendererTests#test2947660,FAIL
96,org.jfree.chart.renderer.category.junit.AbstractCategoryItemRendererTests#test2947660,FAIL
97,org.jfree.chart.renderer.category.junit.AbstractCategoryItemRendererTests#test2947660,FAIL
133,org.jfree.chart.renderer.category.junit.AbstractCategoryItemRendererTests#test2947660,FAIL
176,org.jfree.chart.renderer.category.junit.AbstractCategoryItemRendererTests#test2947660,FAIL
189,org.jfree.chart.renderer.category.junit.AbstractCategoryItemRendererTests#test2947660,FAIL
190,org.jfree.chart.renderer.category.junit.AbstractCategoryItemRendererTests#test2947660,FAIL
190,org.jfree.chart.renderer.category.junit.AbstractCategoryItemRendererTests#test2947660,FAIL
190,org.jfree.chart.renderer.category.junit.AbstractCategoryItemRendererTests#test2947660,FAIL
190,org.jfree.chart.renderer.category.junit.AbstractCategoryItemRendererTests#test2947660,FAIL
190,org.jfree.chart.renderer.category.junit.AbstractCategoryItemRendererTests#test2947660,FAIL
190,org.jfree.chart.renderer.category.junit.AbstractCategoryItemRendererTests#test2947660,FAIL
190,org.jfree.chart.renderer.category.junit.AbstractCategoryItemRendererTests#test2947660,FAIL
190,org.jfree.chart.renderer.category.junit.AbstractCategoryItemRendererTests#test2947660,FAIL
190,org.jfree.chart.renderer.category.junit.AbstractCategoryItemRendererTests#test2947660,FAIL
190,org.jfree.chart.renderer.category.junit.AbstractCategoryItemRendererTests#test2947660,FAIL
190,org.jfree.chart.renderer.category.junit.AbstractCategoryItemRendererTests#test2947660,FAIL
190,org.jfree.chart.renderer.category.junit.AbstractCategoryItemRendererTests#test2947660,CRASH
190,org.jfree.chart.renderer.category.junit.AbstractCategoryItemRendererTests#test2947660,FAIL
191,org.jfree.chart.renderer.category.junit.AbstractCategoryItemRendererTests#test2947660,FAIL
192,org.jfree.chart.renderer.category.junit.AbstractCategoryItemRendererTests#test2947660,FAIL
192,org.jfree.chart.renderer.category.junit.AbstractCategoryItemRendererTests#test2947660,FAIL
192,org.jfree.chart.renderer.category.junit.AbstractCategoryItemRendererTests#test2947660,FAIL
192,org.jfree.chart.renderer.category.junit.AbstractCategoryItemRendererTests#test2947660,FAIL
192,org.jfree.chart.renderer.category.junit.AbstractCategoryItemRendererTests#test2947660,FAIL
192,org.jfree.chart.renderer.category.junit.AbstractCategoryItemRendererTests#test2947660,FAIL
192,org.jfree.chart.renderer.category.junit.AbstractCategoryItemRendererTests#test2947660,FAIL
66,org.jfree.chart.renderer.category.junit.AbstractCategoryItemRendererTests#test2947660,FAIL
66,org.jfree.chart.renderer.category.junit.AbstractCategoryItemRendererTests#test2947660,FAIL
66,org.jfree.chart.renderer.category.junit.AbstractCategoryItemRendererTests#test2947660,FAIL
66,org.jfree.chart.renderer.category.junit.AbstractCategoryItemRendererTests#test2947660,FAIL
66,org.jfree.chart.renderer.category.junit.AbstractCategoryItemRendererTests#test2947660,FAIL
66,org.jfree.chart.renderer.category.junit.AbstractCategoryItemRendererTests#test2947660,FAIL
66,org.jfree.chart.renderer.category.junit.AbstractCategoryItemRendererTests#test2947660,FAIL
66,org.jfree.chart.renderer.category.junit.AbstractCategoryItemRendererTests#test2947660,FAIL
117,org.jfree.chart.renderer.category.junit.AbstractCategoryItemRendererTests#test2947660,FAIL
120,org.jfree.chart.renderer.category.junit.AbstractCategoryItemRendererTests#test2947660,FAIL
121,org.jfree.chart.renderer.category.junit.AbstractCategoryItemRendererTests#test2947660,FAIL
122,org.jfree.chart.renderer.category.junit.AbstractCategoryItemRendererTests#test2947660,FAIL
123,org.jfree.chart.renderer.category.junit.AbstractCategoryItemRendererTests#test2947660,FAIL
124,org.jfree.chart.renderer.category.junit.AbstractCategoryItemRendererTests#test2947660,FAIL
203,org.jfree.chart.renderer.category.junit.AbstractCategoryItemRendererTests#test2947660,FAIL
203,org.jfree.chart.renderer.category.junit.AbstractCategoryItemRendererTests#test2947660,FAIL
207,org.jfree.chart.renderer.category.junit.AbstractCategoryItemRendererTests#test2947660,FAIL
207,org.jfree.chart.renderer.category.junit.AbstractCategoryItemRendererTests#test2947660,FAIL
207,org.jfree.chart.renderer.category.junit.AbstractCategoryItemRendererTests#test2947660,FAIL
207,org.jfree.chart.renderer.category.junit.AbstractCategoryItemRendererTests#test2947660,FAIL
207,org.jfree.chart.renderer.category.junit.AbstractCategoryItemRendererTests#test2947660,FAIL
207,org.jfree.chart.renderer.category.junit.AbstractCategoryItemRendererTests#test2947660,FAIL
207,org.jfree.chart.renderer.category.junit.AbstractCategoryItemRendererTests#test2947660,FAIL
207,org.jfree.chart.renderer.category.junit.AbstractCategoryItemRendererTests#test2947660,FAIL
210,org.jfree.chart.renderer.category.junit.AbstractCategoryItemRendererTests#test2947660,FAIL
210,org.jfree.chart.renderer.category.junit.AbstractCategoryItemRendererTests#test2947660,FAIL
214,org.jfree.chart.renderer.category.junit.AbstractCategoryItemRendererTests#test2947660,FAIL
223,org.jfree.chart.renderer.category.junit.AbstractCategoryItemRendererTests#test2947660,FAIL
233,org.jfree.chart.renderer.category.junit.AbstractCategoryItemRendererTests#test2947660,FAIL
233,org.jfree.chart.renderer.category.junit.AbstractCategoryItemRendererTests#test2947660,FAIL
233,org.jfree.chart.renderer.category.junit.AbstractCategoryItemRendererTests#test2947660,FAIL
233,org.jfree.chart.renderer.category.junit.AbstractCategoryItemRendererTests#test2947660,FAIL
233,org.jfree.chart.renderer.category.junit.AbstractCategoryItemRendererTests#test2947660,FAIL
233,org.jfree.chart.renderer.category.junit.AbstractCategoryItemRendererTests#test2947660,FAIL
233,org.jfree.chart.renderer.category.junit.AbstractCategoryItemRendererTests#test2947660,FAIL
233,org.jfree.chart.renderer.category.junit.AbstractCategoryItemRendererTests#test2947660,FAIL
233,org.jfree.chart.renderer.category.junit.AbstractCategoryItemRendererTests#test2947660,FAIL
233,org.jfree.chart.renderer.category.junit.AbstractCategoryItemRendererTests#test2947660,FAIL
237,org.jfree.chart.renderer.category.junit.AbstractCategoryItemRendererTests#test2947660,FAIL
237,org.jfree.chart.renderer.category.junit.AbstractCategoryItemRendererTests#test2947660,FAIL
237,org.jfree.chart.renderer.category.junit.AbstractCategoryItemRendererTests#test2947660,FAIL
237,org.jfree.chart.renderer.category.junit.AbstractCategoryItemRendererTests#test2947660,FAIL
237,org.jfree.chart.renderer.category.junit.AbstractCategoryItemRendererTests#test2947660,FAIL
237,org.jfree.chart.renderer.category.junit.AbstractCategoryItemRendererTests#test2947660,FAIL
237,org.jfree.chart.renderer.category.junit.AbstractCategoryItemRendererTests#test2947660,FAIL
237,org.jfree.chart.renderer.category.junit.AbstractCategoryItemRendererTests#test2947660,FAIL
237,org.jfree.chart.renderer.category.junit.AbstractCategoryItemRendererTests#test2947660,FAIL
237,org.jfree.chart.renderer.category.junit.AbstractCategoryItemRendererTests#test2947660,FAIL
277,org.jfree.chart.renderer.category.junit.AbstractCategoryItemRendererTests#test2947660,FAIL
280,org.jfree.chart.renderer.category.junit.AbstractCategoryItemRendererTests#test2947660,FAIL
280,org.jfree.chart.renderer.category.junit.AbstractCategoryItemRendererTests#test2947660,FAIL
308,org.jfree.chart.renderer.category.junit.AbstractCategoryItemRendererTests#test2947660,FAIL
309,org.jfree.chart.renderer.category.junit.AbstractCategoryItemRendererTests#test2947660,FAIL
310,org.jfree.chart.renderer.category.junit.AbstractCategoryItemRendererTests#test2947660,FAIL
311,org.jfree.chart.renderer.category.junit.AbstractCategoryItemRendererTests#test2947660,FAIL
312,org.jfree.chart.renderer.category.junit.AbstractCategoryItemRendererTests#test2947660,FAIL
313,org.jfree.chart.renderer.category.junit.AbstractCategoryItemRendererTests#test2947660,FAIL
313,org.jfree.chart.renderer.category.junit.AbstractCategoryItemRendererTests#test2947660,FAIL
314,org.jfree.chart.renderer.category.junit.AbstractCategoryItemRendererTests#test2947660,FAIL
315,org.jfree.chart.renderer.category.junit.AbstractCategoryItemRendererTests#test2947660,FAIL
316,org.jfree.chart.renderer.category.junit.AbstractCategoryItemRendererTests#test2947660,FAIL
318,org.jfree.chart.renderer.category.junit.AbstractCategoryItemRendererTests#test2947660,FAIL
319,org.jfree.chart.renderer.category.junit.AbstractCategoryItemRendererTests#test2947660,FAIL
319,org.jfree.chart.renderer.category.junit.AbstractCategoryItemRendererTests#test2947660,FAIL
319,org.jfree.chart.renderer.category.junit.AbstractCategoryItemRendererTests#test2947660,FAIL
320,org.jfree.chart.renderer.category.junit.AbstractCategoryItemRendererTests#test2947660,FAIL
322,org.jfree.chart.renderer.category.junit.AbstractCategoryItemRendererTests#test2947660,FAIL
324,org.jfree.chart.renderer.category.junit.AbstractCategoryItemRendererTests#test2947660,FAIL
324,org.jfree.chart.renderer.category.junit.AbstractCategoryItemRendererTests#test2947660,FAIL
325,org.jfree.chart.renderer.category.junit.AbstractCategoryItemRendererTests#test2947660,FAIL
456,org.jfree.chart.renderer.category.junit.AbstractCategoryItemRendererTests#test2947660,FAIL
969,org.jfree.chart.renderer.category.junit.AbstractCategoryItemRendererTests#test2947660,FAIL
969,org.jfree.chart.renderer.category.junit.AbstractCategoryItemRendererTests#test2947660,FAIL
972,org.jfree.chart.renderer.category.junit.AbstractCategoryItemRendererTests#test2947660,FAIL
973,org.jfree.chart.renderer.category.junit.AbstractCategoryItemRendererTests#test2947660,FAIL
973,org.jfree.chart.renderer.category.junit.AbstractCategoryItemRendererTests#test2947660,FAIL
973,org.jfree.chart.renderer.category.junit.AbstractCategoryItemRendererTests#test2947660,FAIL
973,org.jfree.chart.renderer.category.junit.AbstractCategoryItemRendererTests#test2947660,FAIL
973,org.jfree.chart.renderer.category.junit.AbstractCategoryItemRendererTests#test2947660,FAIL
973,org.jfree.chart.renderer.category.junit.AbstractCategoryItemRendererTests#test2947660,FAIL
973,org.jfree.chart.renderer.category.junit.AbstractCategoryItemRendererTests#test2947660,FAIL
973,org.jfree.chart.renderer.category.junit.AbstractCategoryItemRendererTests#test2947660,FAIL
973,org.jfree.chart.renderer.category.junit.AbstractCategoryItemRendererTests#test2947660,FAIL
973,org.jfree.chart.renderer.category.junit.AbstractCategoryItemRendererTests#test2947660,FAIL
973,org.jfree.chart.renderer.category.junit.AbstractCategoryItemRendererTests#test2947660,FAIL
986,org.jfree.chart.renderer.category.junit.AbstractCategoryItemRendererTests#test2947660,FAIL
286,org.jfree.chart.renderer.category.junit.AbstractCategoryItemRendererTests#test2947660,FAIL
286,org.jfree.chart.renderer.category.junit.AbstractCategoryItemRendererTests#test2947660,FAIL
287,org.jfree.chart.renderer.category.junit.AbstractCategoryItemRendererTests#test2947660,FAIL
287,org.jfree.chart.renderer.category.junit.AbstractCategoryItemRendererTests#test2947660,FAIL
288,org.jfree.chart.renderer.category.junit.AbstractCategoryItemRendererTests#test2947660,FAIL
288,org.jfree.chart.renderer.category.junit.AbstractCategoryItemRendererTests#test2947660,FAIL
288,org.jfree.chart.renderer.category.junit.AbstractCategoryItemRendererTests#test2947660,FAIL
288,org.jfree.chart.renderer.category.junit.AbstractCategoryItemRendererTests#test2947660,FAIL
288,org.jfree.chart.renderer.category.junit.AbstractCategoryItemRendererTests#test2947660,FAIL
288,org.jfree.chart.renderer.category.junit.AbstractCategoryItemRendererTests#test2947660,FAIL
291,org.jfree.chart.renderer.category.junit.AbstractCategoryItemRendererTests#test2947660,FAIL
295,org.jfree.chart.renderer.category.junit.AbstractCategoryItemRendererTests#test2947660,FAIL
295,org.jfree.chart.renderer.category.junit.AbstractCategoryItemRendererTests#test2947660,FAIL
310,org.jfree.chart.renderer.category.junit.AbstractCategoryItemRendererTests#test2947660,FAIL
317,org.jfree.chart.renderer.category.junit.AbstractCategoryItemRendererTests#test2947660,FAIL
362,org.jfree.chart.renderer.category.junit.AbstractCategoryItemRendererTests#test2947660,FAIL
368,org.jfree.chart.renderer.category.junit.AbstractCategoryItemRendererTests#test2947660,FAIL
374,org.jfree.chart.renderer.category.junit.AbstractCategoryItemRendererTests#test2947660,FAIL
509,org.jfree.chart.renderer.category.junit.AbstractCategoryItemRendererTests#test2947660,FAIL
586,org.jfree.chart.renderer.category.junit.AbstractCategoryItemRendererTests#test2947660,FAIL
589,org.jfree.chart.renderer.category.junit.AbstractCategoryItemRendererTests#test2947660,FAIL
590,org.jfree.chart.renderer.category.junit.AbstractCategoryItemRendererTests#test2947660,FAIL
591,org.jfree.chart.renderer.category.junit.AbstractCategoryItemRendererTests#test2947660,FAIL
592,org.jfree.chart.renderer.category.junit.AbstractCategoryItemRendererTests#test2947660,FAIL
594,org.jfree.chart.renderer.category.junit.AbstractCategoryItemRendererTests#test2947660,FAIL
595,org.jfree.chart.renderer.category.junit.AbstractCategoryItemRendererTests#test2947660,FAIL
597,org.jfree.chart.renderer.category.junit.AbstractCategoryItemRendererTests#test2947660,FAIL
599,org.jfree.chart.renderer.category.junit.AbstractCategoryItemRendererTests#test2947660,FAIL
600,org.jfree.chart.renderer.category.junit.AbstractCategoryItemRendererTests#test2947660,FAIL
600,org.jfree.chart.renderer.category.junit.AbstractCategoryItemRendererTests#test2947660,FAIL
600,org.jfree.chart.renderer.category.junit.AbstractCategoryItemRendererTests#test2947660,FAIL
601,org.jfree.chart.renderer.category.junit.AbstractCategoryItemRendererTests#test2947660,FAIL
605,org.jfree.chart.renderer.category.junit.AbstractCategoryItemRendererTests#test2947660,FAIL
605,org.jfree.chart.renderer.category.junit.AbstractCategoryItemRendererTests#test2947660,FAIL
605,org.jfree.chart.renderer.category.junit.AbstractCategoryItemRendererTests#test2947660,FAIL
605,org.jfree.chart.renderer.category.junit.AbstractCategoryItemRendererTests#test2947660,FAIL
605,org.jfree.chart.renderer.category.junit.AbstractCategoryItemRendererTests#test2947660,FAIL
605,org.jfree.chart.renderer.category.junit.AbstractCategoryItemRendererTests#test2947660,FAIL
605,org.jfree.chart.renderer.category.junit.AbstractCategoryItemRendererTests#test2947660,FAIL
605,org.jfree.chart.renderer.category.junit.AbstractCategoryItemRendererTests#test2947660,FAIL
605,org.jfree.chart.renderer.category.junit.AbstractCategoryItemRendererTests#test2947660,FAIL
607,org.jfree.chart.renderer.category.junit.AbstractCategoryItemRendererTests#test2947660,FAIL
607,org.jfree.chart.renderer.category.junit.AbstractCategoryItemRendererTests#test2947660,FAIL
608,org.jfree.chart.renderer.category.junit.AbstractCategoryItemRendererTests#test2947660,FAIL
608,org.jfree.chart.renderer.category.junit.AbstractCategoryItemRendererTests#test2947660,FAIL
610,org.jfree.chart.renderer.category.junit.AbstractCategoryItemRendererTests#test2947660,FAIL
610,org.jfree.chart.renderer.category.junit.AbstractCategoryItemRendererTests#test2947660,FAIL
610,org.jfree.chart.renderer.category.junit.AbstractCategoryItemRendererTests#test2947660,FAIL
611,org.jfree.chart.renderer.category.junit.AbstractCategoryItemRendererTests#test2947660,FAIL
616,org.jfree.chart.renderer.category.junit.AbstractCategoryItemRendererTests#test2947660,FAIL
616,org.jfree.chart.renderer.category.junit.AbstractCategoryItemRendererTests#test2947660,FAIL
616,org.jfree.chart.renderer.category.junit.AbstractCategoryItemRendererTests#test2947660,FAIL
617,org.jfree.chart.renderer.category.junit.AbstractCategoryItemRendererTests#test2947660,FAIL
617,org.jfree.chart.renderer.category.junit.AbstractCategoryItemRendererTests#test2947660,FAIL
617,org.jfree.chart.renderer.category.junit.AbstractCategoryItemRendererTests#test2947660,FAIL
617,org.jfree.chart.renderer.category.junit.AbstractCategoryItemRendererTests#test2947660,FAIL
617,org.jfree.chart.renderer.category.junit.AbstractCategoryItemRendererTests#test2947660,FAIL
618,org.jfree.chart.renderer.category.junit.AbstractCategoryItemRendererTests#test2947660,FAIL
622,org.jfree.chart.renderer.category.junit.AbstractCategoryItemRendererTests#test2947660,FAIL
622,org.jfree.chart.renderer.category.junit.AbstractCategoryItemRendererTests#test2947660,FAIL
624,org.jfree.chart.renderer.category.junit.AbstractCategoryItemRendererTests#test2947660,FAIL
624,org.jfree.chart.renderer.category.junit.AbstractCategoryItemRendererTests#test2947660,FAIL
624,org.jfree.chart.renderer.category.junit.AbstractCategoryItemRendererTests#test2947660,FAIL
625,org.jfree.chart.renderer.category.junit.AbstractCategoryItemRendererTests#test2947660,FAIL
625,org.jfree.chart.renderer.category.junit.AbstractCategoryItemRendererTests#test2947660,FAIL
625,org.jfree.chart.renderer.category.junit.AbstractCategoryItemRendererTests#test2947660,FAIL
625,org.jfree.chart.renderer.category.junit.AbstractCategoryItemRendererTests#test2947660,FAIL
625,org.jfree.chart.renderer.category.junit.AbstractCategoryItemRendererTests#test2947660,FAIL
626,org.jfree.chart.renderer.category.junit.AbstractCategoryItemRendererTests#test2947660,FAIL
631,org.jfree.chart.renderer.category.junit.AbstractCategoryItemRendererTests#test2947660,FAIL
632,org.jfree.chart.renderer.category.junit.AbstractCategoryItemRendererTests#test2947660,FAIL
634,org.jfree.chart.renderer.category.junit.AbstractCategoryItemRendererTests#test2947660,FAIL
635,org.jfree.chart.renderer.category.junit.AbstractCategoryItemRendererTests#test2947660,FAIL
636,org.jfree.chart.renderer.category.junit.AbstractCategoryItemRendererTests#test2947660,FAIL
637,org.jfree.chart.renderer.category.junit.AbstractCategoryItemRendererTests#test2947660,FAIL
639,org.jfree.chart.renderer.category.junit.AbstractCategoryItemRendererTests#test2947660,FAIL
639,org.jfree.chart.renderer.category.junit.AbstractCategoryItemRendererTests#test2947660,FAIL
640,org.jfree.chart.renderer.category.junit.AbstractCategoryItemRendererTests#test2947660,FAIL
641,org.jfree.chart.renderer.category.junit.AbstractCategoryItemRendererTests#test2947660,FAIL
641,org.jfree.chart.renderer.category.junit.AbstractCategoryItemRendererTests#test2947660,FAIL
641,org.jfree.chart.renderer.category.junit.AbstractCategoryItemRendererTests#test2947660,FAIL
643,org.jfree.chart.renderer.category.junit.AbstractCategoryItemRendererTests#test2947660,FAIL
644,org.jfree.chart.renderer.category.junit.AbstractCategoryItemRendererTests#test2947660,FAIL
645,org.jfree.chart.renderer.category.junit.AbstractCategoryItemRendererTests#test2947660,FAIL
647,org.jfree.chart.renderer.category.junit.AbstractCategoryItemRendererTests#test2947660,FAIL
647,org.jfree.chart.renderer.category.junit.AbstractCategoryItemRendererTests#test2947660,FAIL
648,org.jfree.chart.renderer.category.junit.AbstractCategoryItemRendererTests#test2947660,FAIL
649,org.jfree.chart.renderer.category.junit.AbstractCategoryItemRendererTests#test2947660,FAIL
651,org.jfree.chart.renderer.category.junit.AbstractCategoryItemRendererTests#test2947660,FAIL
652,org.jfree.chart.renderer.category.junit.AbstractCategoryItemRendererTests#test2947660,FAIL
653,org.jfree.chart.renderer.category.junit.AbstractCategoryItemRendererTests#test2947660,FAIL
654,org.jfree.chart.renderer.category.junit.AbstractCategoryItemRendererTests#test2947660,FAIL
656,org.jfree.chart.renderer.category.junit.AbstractCategoryItemRendererTests#test2947660,FAIL
656,org.jfree.chart.renderer.category.junit.AbstractCategoryItemRendererTests#test2947660,FAIL
656,org.jfree.chart.renderer.category.junit.AbstractCategoryItemRendererTests#test2947660,FAIL
658,org.jfree.chart.renderer.category.junit.AbstractCategoryItemRendererTests#test2947660,FAIL
658,org.jfree.chart.renderer.category.junit.AbstractCategoryItemRendererTests#test2947660,FAIL
659,org.jfree.chart.renderer.category.junit.AbstractCategoryItemRendererTests#test2947660,FAIL
660,org.jfree.chart.renderer.category.junit.AbstractCategoryItemRendererTests#test2947660,FAIL
662,org.jfree.chart.renderer.category.junit.AbstractCategoryItemRendererTests#test2947660,FAIL
663,org.jfree.chart.renderer.category.junit.AbstractCategoryItemRendererTests#test2947660,FAIL
663,org.jfree.chart.renderer.category.junit.AbstractCategoryItemRendererTests#test2947660,FAIL
663,org.jfree.chart.renderer.category.junit.AbstractCategoryItemRendererTests#test2947660,FAIL
664,org.jfree.chart.renderer.category.junit.AbstractCategoryItemRendererTests#test2947660,FAIL
665,org.jfree.chart.renderer.category.junit.AbstractCategoryItemRendererTests#test2947660,FAIL
667,org.jfree.chart.renderer.category.junit.AbstractCategoryItemRendererTests#test2947660,FAIL
669,org.jfree.chart.renderer.category.junit.AbstractCategoryItemRendererTests#test2947660,FAIL
669,org.jfree.chart.renderer.category.junit.AbstractCategoryItemRendererTests#test2947660,FAIL
670,org.jfree.chart.renderer.category.junit.AbstractCategoryItemRendererTests#test2947660,FAIL
913,org.jfree.chart.renderer.category.junit.AbstractCategoryItemRendererTests#test2947660,FAIL
913,org.jfree.chart.renderer.category.junit.AbstractCategoryItemRendererTests#test2947660,FAIL
913,org.jfree.chart.renderer.category.junit.AbstractCategoryItemRendererTests#test2947660,FAIL
946,org.jfree.chart.renderer.category.junit.AbstractCategoryItemRendererTests#test2947660,FAIL
946,org.jfree.chart.renderer.category.junit.AbstractCategoryItemRendererTests#test2947660,FAIL
946,org.jfree.chart.renderer.category.junit.AbstractCategoryItemRendererTests#test2947660,FAIL
946,org.jfree.chart.renderer.category.junit.AbstractCategoryItemRendererTests#test2947660,FAIL
946,org.jfree.chart.renderer.category.junit.AbstractCategoryItemRendererTests#test2947660,FAIL
946,org.jfree.chart.renderer.category.junit.AbstractCategoryItemRendererTests#test2947660,FAIL
946,org.jfree.chart.renderer.category.junit.AbstractCategoryItemRendererTests#test2947660,FAIL
946,org.jfree.chart.renderer.category.junit.AbstractCategoryItemRendererTests#test2947660,FAIL
946,org.jfree.chart.renderer.category.junit.AbstractCategoryItemRendererTests#test2947660,FAIL
946,org.jfree.chart.renderer.category.junit.AbstractCategoryItemRendererTests#test2947660,FAIL
950,org.jfree.chart.renderer.category.junit.AbstractCategoryItemRendererTests#test2947660,FAIL
951,org.jfree.chart.renderer.category.junit.AbstractCategoryItemRendererTests#test2947660,FAIL
951,org.jfree.chart.renderer.category.junit.AbstractCategoryItemRendererTests#test2947660,FAIL
1013,org.jfree.chart.renderer.category.junit.AbstractCategoryItemRendererTests#test2947660,FAIL
1013,org.jfree.chart.renderer.category.junit.AbstractCategoryItemRendererTests#test2947660,FAIL
1013,org.jfree.chart.renderer.category.junit.AbstractCategoryItemRendererTests#test2947660,FAIL
1013,org.jfree.chart.renderer.category.junit.AbstractCategoryItemRendererTests#test2947660,FAIL
1013,org.jfree.chart.renderer.category.junit.AbstractCategoryItemRendererTests#test2947660,FAIL
1014,org.jfree.chart.renderer.category.junit.AbstractCategoryItemRendererTests#test2947660,FAIL
1015,org.jfree.chart.renderer.category.junit.AbstractCategoryItemRendererTests#test2947660,FAIL
1041,org.jfree.chart.renderer.category.junit.AbstractCategoryItemRendererTests#test2947660,FAIL
1041,org.jfree.chart.renderer.category.junit.AbstractCategoryItemRendererTests#test2947660,FAIL
1041,org.jfree.chart.renderer.category.junit.AbstractCategoryItemRendererTests#test2947660,FAIL
1042,org.jfree.chart.renderer.category.junit.AbstractCategoryItemRendererTests#test2947660,FAIL
1044,org.jfree.chart.renderer.category.junit.AbstractCategoryItemRendererTests#test2947660,FAIL
1045,org.jfree.chart.renderer.category.junit.AbstractCategoryItemRendererTests#test2947660,FAIL
1051,org.jfree.chart.renderer.category.junit.AbstractCategoryItemRendererTests#test2947660,FAIL
1197,org.jfree.chart.renderer.category.junit.AbstractCategoryItemRendererTests#test2947660,FAIL
1197,org.jfree.chart.renderer.category.junit.AbstractCategoryItemRendererTests#test2947660,FAIL
1197,org.jfree.chart.renderer.category.junit.AbstractCategoryItemRendererTests#test2947660,FAIL
1227,org.jfree.chart.renderer.category.junit.AbstractCategoryItemRendererTests#test2947660,FAIL
1227,org.jfree.chart.renderer.category.junit.AbstractCategoryItemRendererTests#test2947660,FAIL
1227,org.jfree.chart.renderer.category.junit.AbstractCategoryItemRendererTests#test2947660,FAIL
1227,org.jfree.chart.renderer.category.junit.AbstractCategoryItemRendererTests#test2947660,FAIL
1227,org.jfree.chart.renderer.category.junit.AbstractCategoryItemRendererTests#test2947660,FAIL
1227,org.jfree.chart.renderer.category.junit.AbstractCategoryItemRendererTests#test2947660,FAIL
1227,org.jfree.chart.renderer.category.junit.AbstractCategoryItemRendererTests#test2947660,FAIL
1227,org.jfree.chart.renderer.category.junit.AbstractCategoryItemRendererTests#test2947660,FAIL
1227,org.jfree.chart.renderer.category.junit.AbstractCategoryItemRendererTests#test2947660,FAIL
1227,org.jfree.chart.renderer.category.junit.AbstractCategoryItemRendererTests#test2947660,FAIL
1231,org.jfree.chart.renderer.category.junit.AbstractCategoryItemRendererTests#test2947660,FAIL
1232,org.jfree.chart.renderer.category.junit.AbstractCategoryItemRendererTests#test2947660,FAIL
1232,org.jfree.chart.renderer.category.junit.AbstractCategoryItemRendererTests#test2947660,FAIL
1291,org.jfree.chart.renderer.category.junit.AbstractCategoryItemRendererTests#test2947660,FAIL
1291,org.jfree.chart.renderer.category.junit.AbstractCategoryItemRendererTests#test2947660,FAIL
1291,org.jfree.chart.renderer.category.junit.AbstractCategoryItemRendererTests#test2947660,FAIL
1291,org.jfree.chart.renderer.category.junit.AbstractCategoryItemRendererTests#test2947660,FAIL
1291,org.jfree.chart.renderer.category.junit.AbstractCategoryItemRendererTests#test2947660,FAIL
1292,org.jfree.chart.renderer.category.junit.AbstractCategoryItemRendererTests#test2947660,FAIL
1293,org.jfree.chart.renderer.category.junit.AbstractCategoryItemRendererTests#test2947660,FAIL
1321,org.jfree.chart.renderer.category.junit.AbstractCategoryItemRendererTests#test2947660,FAIL
1321,org.jfree.chart.renderer.category.junit.AbstractCategoryItemRendererTests#test2947660,FAIL
1321,org.jfree.chart.renderer.category.junit.AbstractCategoryItemRendererTests#test2947660,FAIL
1322,org.jfree.chart.renderer.category.junit.AbstractCategoryItemRendererTests#test2947660,FAIL
1324,org.jfree.chart.renderer.category.junit.AbstractCategoryItemRendererTests#test2947660,FAIL
1339,org.jfree.chart.renderer.category.junit.AbstractCategoryItemRendererTests#test2947660,FAIL
1339,org.jfree.chart.renderer.category.junit.AbstractCategoryItemRendererTests#test2947660,FAIL
1339,org.jfree.chart.renderer.category.junit.AbstractCategoryItemRendererTests#test2947660,FAIL
1352,org.jfree.chart.renderer.category.junit.AbstractCategoryItemRendererTests#test2947660,FAIL
1353,org.jfree.chart.renderer.category.junit.AbstractCategoryItemRendererTests#test2947660,FAIL
1356,org.jfree.chart.renderer.category.junit.AbstractCategoryItemRendererTests#test2947660,FAIL
1357,org.jfree.chart.renderer.category.junit.AbstractCategoryItemRendererTests#test2947660,FAIL
1358,org.jfree.chart.renderer.category.junit.AbstractCategoryItemRendererTests#test2947660,FAIL
1362,org.jfree.chart.renderer.category.junit.AbstractCategoryItemRendererTests#test2947660,FAIL
1365,org.jfree.chart.renderer.category.junit.AbstractCategoryItemRendererTests#test2947660,FAIL
1410,org.jfree.chart.renderer.category.junit.AbstractCategoryItemRendererTests#test2947660,FAIL
1410,org.jfree.chart.renderer.category.junit.AbstractCategoryItemRendererTests#test2947660,FAIL
1411,org.jfree.chart.renderer.category.junit.AbstractCategoryItemRendererTests#test2947660,FAIL
1412,org.jfree.chart.renderer.category.junit.AbstractCategoryItemRendererTests#test2947660,FAIL
1426,org.jfree.chart.renderer.category.junit.AbstractCategoryItemRendererTests#test2947660,FAIL
1426,org.jfree.chart.renderer.category.junit.AbstractCategoryItemRendererTests#test2947660,FAIL
1426,org.jfree.chart.renderer.category.junit.AbstractCategoryItemRendererTests#test2947660,FAIL
1426,org.jfree.chart.renderer.category.junit.AbstractCategoryItemRendererTests#test2947660,FAIL
1426,org.jfree.chart.renderer.category.junit.AbstractCategoryItemRendererTests#test2947660,FAIL
1429,org.jfree.chart.renderer.category.junit.AbstractCategoryItemRendererTests#test2947660,FAIL
1430,org.jfree.chart.renderer.category.junit.AbstractCategoryItemRendererTests#test2947660,FAIL
1431,org.jfree.chart.renderer.category.junit.AbstractCategoryItemRendererTests#test2947660,FAIL
1433,org.jfree.chart.renderer.category.junit.AbstractCategoryItemRendererTests#test2947660,FAIL
1449,org.jfree.chart.renderer.category.junit.AbstractCategoryItemRendererTests#test2947660,FAIL
1452,org.jfree.chart.renderer.category.junit.AbstractCategoryItemRendererTests#test2947660,FAIL
1453,org.jfree.chart.renderer.category.junit.AbstractCategoryItemRendererTests#test2947660,FAIL
1453,org.jfree.chart.renderer.category.junit.AbstractCategoryItemRendererTests#test2947660,FAIL
1453,org.jfree.chart.renderer.category.junit.AbstractCategoryItemRendererTests#test2947660,FAIL
1453,org.jfree.chart.renderer.category.junit.AbstractCategoryItemRendererTests#test2947660,FAIL
1453,org.jfree.chart.renderer.category.junit.AbstractCategoryItemRendererTests#test2947660,FAIL
1456,org.jfree.chart.renderer.category.junit.AbstractCategoryItemRendererTests#test2947660,FAIL
1457,org.jfree.chart.renderer.category.junit.AbstractCategoryItemRendererTests#test2947660,FAIL
1457,org.jfree.chart.renderer.category.junit.AbstractCategoryItemRendererTests#test2947660,FAIL
1457,org.jfree.chart.renderer.category.junit.AbstractCategoryItemRendererTests#test2947660,FAIL
1457,org.jfree.chart.renderer.category.junit.AbstractCategoryItemRendererTests#test2947660,FAIL
1457,org.jfree.chart.renderer.category.junit.AbstractCategoryItemRendererTests#test2947660,FAIL
1458,org.jfree.chart.renderer.category.junit.AbstractCategoryItemRendererTests#test2947660,FAIL
1463,org.jfree.chart.renderer.category.junit.AbstractCategoryItemRendererTests#test2947660,FAIL
1463,org.jfree.chart.renderer.category.junit.AbstractCategoryItemRendererTests#test2947660,FAIL
1466,org.jfree.chart.renderer.category.junit.AbstractCategoryItemRendererTests#test2947660,FAIL
1507,org.jfree.chart.renderer.category.junit.AbstractCategoryItemRendererTests#test2947660,FAIL
1507,org.jfree.chart.renderer.category.junit.AbstractCategoryItemRendererTests#test2947660,FAIL
1508,org.jfree.chart.renderer.category.junit.AbstractCategoryItemRendererTests#test2947660,FAIL
1509,org.jfree.chart.renderer.category.junit.AbstractCategoryItemRendererTests#test2947660,FAIL
1523,org.jfree.chart.renderer.category.junit.AbstractCategoryItemRendererTests#test2947660,FAIL
1523,org.jfree.chart.renderer.category.junit.AbstractCategoryItemRendererTests#test2947660,FAIL
1523,org.jfree.chart.renderer.category.junit.AbstractCategoryItemRendererTests#test2947660,FAIL
1523,org.jfree.chart.renderer.category.junit.AbstractCategoryItemRendererTests#test2947660,FAIL
1523,org.jfree.chart.renderer.category.junit.AbstractCategoryItemRendererTests#test2947660,FAIL
1526,org.jfree.chart.renderer.category.junit.AbstractCategoryItemRendererTests#test2947660,FAIL
1527,org.jfree.chart.renderer.category.junit.AbstractCategoryItemRendererTests#test2947660,FAIL
1528,org.jfree.chart.renderer.category.junit.AbstractCategoryItemRendererTests#test2947660,FAIL
1530,org.jfree.chart.renderer.category.junit.AbstractCategoryItemRendererTests#test2947660,FAIL
1613,org.jfree.chart.renderer.category.junit.AbstractCategoryItemRendererTests#test2947660,FAIL
1613,org.jfree.chart.renderer.category.junit.AbstractCategoryItemRendererTests#test2947660,FAIL
1613,org.jfree.chart.renderer.category.junit.AbstractCategoryItemRendererTests#test2947660,FAIL
1613,org.jfree.chart.renderer.category.junit.AbstractCategoryItemRendererTests#test2947660,FAIL
1666,org.jfree.chart.renderer.category.junit.AbstractCategoryItemRendererTests#test2947660,FAIL
1667,org.jfree.chart.renderer.category.junit.AbstractCategoryItemRendererTests#test2947660,FAIL
1672,org.jfree.chart.renderer.category.junit.AbstractCategoryItemRendererTests#test2947660,FAIL
1673,org.jfree.chart.renderer.category.junit.AbstractCategoryItemRendererTests#test2947660,FAIL
1674,org.jfree.chart.renderer.category.junit.AbstractCategoryItemRendererTests#test2947660,FAIL
1675,org.jfree.chart.renderer.category.junit.AbstractCategoryItemRendererTests#test2947660,FAIL
1678,org.jfree.chart.renderer.category.junit.AbstractCategoryItemRendererTests#test2947660,FAIL
1679,org.jfree.chart.renderer.category.junit.AbstractCategoryItemRendererTests#test2947660,FAIL
1681,org.jfree.chart.renderer.category.junit.AbstractCategoryItemRendererTests#test2947660,FAIL
1681,org.jfree.chart.renderer.category.junit.AbstractCategoryItemRendererTests#test2947660,FAIL
1682,org.jfree.chart.renderer.category.junit.AbstractCategoryItemRendererTests#test2947660,FAIL
1727,org.jfree.chart.renderer.category.junit.AbstractCategoryItemRendererTests#test2947660,FAIL
2334,org.jfree.chart.renderer.category.junit.AbstractCategoryItemRendererTests#test2947660,FAIL
2335,org.jfree.chart.renderer.category.junit.AbstractCategoryItemRendererTests#test2947660,FAIL
2335,org.jfree.chart.renderer.category.junit.AbstractCategoryItemRendererTests#test2947660,FAIL
2335,org.jfree.chart.renderer.category.junit.AbstractCategoryItemRendererTests#test2947660,FAIL
2335,org.jfree.chart.renderer.category.junit.AbstractCategoryItemRendererTests#test2947660,FAIL
2335,org.jfree.chart.renderer.category.junit.AbstractCategoryItemRendererTests#test2947660,FAIL
2336,org.jfree.chart.renderer.category.junit.AbstractCategoryItemRendererTests#test2947660,FAIL
2337,org.jfree.chart.renderer.category.junit.AbstractCategoryItemRendererTests#test2947660,FAIL
2341,org.jfree.chart.renderer.category.junit.AbstractCategoryItemRendererTests#test2947660,FAIL
2345,org.jfree.chart.renderer.category.junit.AbstractCategoryItemRendererTests#test2947660,FAIL
2346,org.jfree.chart.renderer.category.junit.AbstractCategoryItemRendererTests#test2947660,FAIL
2347,org.jfree.chart.renderer.category.junit.AbstractCategoryItemRendererTests#test2947660,FAIL
94,org.jfree.chart.renderer.category.junit.AbstractCategoryItemRendererTests#test2947660,FAIL
95,org.jfree.chart.renderer.category.junit.AbstractCategoryItemRendererTests#test2947660,FAIL
131,org.jfree.chart.renderer.category.junit.AbstractCategoryItemRendererTests#test2947660,FAIL
65,org.jfree.chart.renderer.category.junit.AbstractCategoryItemRendererTests#test2947660,FAIL
70,org.jfree.chart.renderer.category.junit.AbstractCategoryItemRendererTests#test2947660,FAIL
69,org.jfree.chart.renderer.category.junit.AbstractCategoryItemRendererTests#test2947660,FAIL
107,org.jfree.chart.renderer.category.junit.AbstractCategoryItemRendererTests#test2947660,FAIL
73,org.jfree.chart.renderer.category.junit.AbstractCategoryItemRendererTests#test2947660,FAIL
85,org.jfree.chart.renderer.category.junit.AbstractCategoryItemRendererTests#test2947660,FAIL
85,org.jfree.chart.renderer.category.junit.AbstractCategoryItemRendererTests#test2947660,FAIL
95,org.jfree.chart.renderer.category.junit.AbstractCategoryItemRendererTests#test2947660,FAIL
107,org.jfree.chart.renderer.category.junit.AbstractCategoryItemRendererTests#test2947660,FAIL
68,org.jfree.chart.renderer.category.junit.AbstractCategoryItemRendererTests#test2947660,FAIL
68,org.jfree.chart.renderer.category.junit.AbstractCategoryItemRendererTests#test2947660,FAIL
71,org.jfree.chart.renderer.category.junit.AbstractCategoryItemRendererTests#test2947660,FAIL
96,org.jfree.chart.renderer.category.junit.AbstractCategoryItemRendererTests#test2947660,FAIL
97,org.jfree.chart.renderer.category.junit.AbstractCategoryItemRendererTests#test2947660,FAIL
110,org.jfree.chart.renderer.category.junit.AbstractCategoryItemRendererTests#test2947660,FAIL
110,org.jfree.chart.renderer.category.junit.AbstractCategoryItemRendererTests#test2947660,FAIL
110,org.jfree.chart.renderer.category.junit.AbstractCategoryItemRendererTests#test2947660,FAIL
110,org.jfree.chart.renderer.category.junit.AbstractCategoryItemRendererTests#test2947660,FAIL
110,org.jfree.chart.renderer.category.junit.AbstractCategoryItemRendererTests#test2947660,FAIL
110,org.jfree.chart.renderer.category.junit.AbstractCategoryItemRendererTests#test2947660,FAIL
110,org.jfree.chart.renderer.category.junit.AbstractCategoryItemRendererTests#test2947660,FAIL
110,org.jfree.chart.renderer.category.junit.AbstractCategoryItemRendererTests#test2947660,FAIL
110,org.jfree.chart.renderer.category.junit.AbstractCategoryItemRendererTests#test2947660,FAIL
110,org.jfree.chart.renderer.category.junit.AbstractCategoryItemRendererTests#test2947660,FAIL
110,org.jfree.chart.renderer.category.junit.AbstractCategoryItemRendererTests#test2947660,FAIL
110,org.jfree.chart.renderer.category.junit.AbstractCategoryItemRendererTests#test2947660,FAIL
111,org.jfree.chart.renderer.category.junit.AbstractCategoryItemRendererTests#test2947660,FAIL
113,org.jfree.chart.renderer.category.junit.AbstractCategoryItemRendererTests#test2947660,FAIL
123,org.jfree.chart.renderer.category.junit.AbstractCategoryItemRendererTests#test2947660,FAIL
123,org.jfree.chart.renderer.category.junit.AbstractCategoryItemRendererTests#test2947660,FAIL
123,org.jfree.chart.renderer.category.junit.AbstractCategoryItemRendererTests#test2947660,FAIL
123,org.jfree.chart.renderer.category.junit.AbstractCategoryItemRendererTests#test2947660,FAIL
123,org.jfree.chart.renderer.category.junit.AbstractCategoryItemRendererTests#test2947660,FAIL
126,org.jfree.chart.renderer.category.junit.AbstractCategoryItemRendererTests#test2947660,FAIL
126,org.jfree.chart.renderer.category.junit.AbstractCategoryItemRendererTests#test2947660,FAIL
126,org.jfree.chart.renderer.category.junit.AbstractCategoryItemRendererTests#test2947660,FAIL
131,org.jfree.chart.renderer.category.junit.AbstractCategoryItemRendererTests#test2947660,FAIL
132,org.jfree.chart.renderer.category.junit.AbstractCategoryItemRendererTests#test2947660,FAIL
132,org.jfree.chart.renderer.category.junit.AbstractCategoryItemRendererTests#test2947660,FAIL
132,org.jfree.chart.renderer.category.junit.AbstractCategoryItemRendererTests#test2947660,FAIL
132,org.jfree.chart.renderer.category.junit.AbstractCategoryItemRendererTests#test2947660,FAIL
132,org.jfree.chart.renderer.category.junit.AbstractCategoryItemRendererTests#test2947660,FAIL
132,org.jfree.chart.renderer.category.junit.AbstractCategoryItemRendererTests#test2947660,FAIL
132,org.jfree.chart.renderer.category.junit.AbstractCategoryItemRendererTests#test2947660,FAIL
149,org.jfree.chart.renderer.category.junit.AbstractCategoryItemRendererTests#test2947660,FAIL
161,org.jfree.chart.renderer.category.junit.AbstractCategoryItemRendererTests#test2947660,FAIL
161,org.jfree.chart.renderer.category.junit.AbstractCategoryItemRendererTests#test2947660,FAIL
161,org.jfree.chart.renderer.category.junit.AbstractCategoryItemRendererTests#test2947660,FAIL
161,org.jfree.chart.renderer.category.junit.AbstractCategoryItemRendererTests#test2947660,FAIL
161,org.jfree.chart.renderer.category.junit.AbstractCategoryItemRendererTests#test2947660,FAIL
162,org.jfree.chart.renderer.category.junit.AbstractCategoryItemRendererTests#test2947660,FAIL
163,org.jfree.chart.renderer.category.junit.AbstractCategoryItemRendererTests#test2947660,FAIL
81,org.jfree.chart.renderer.category.junit.AbstractCategoryItemRendererTests#test2947660,FAIL
75,org.jfree.chart.renderer.category.junit.AbstractCategoryItemRendererTests#test2947660,FAIL
76,org.jfree.chart.renderer.category.junit.AbstractCategoryItemRendererTests#test2947660,FAIL
75,org.jfree.chart.renderer.category.junit.AbstractCategoryItemRendererTests#test2947660,FAIL
90,org.jfree.chart.renderer.category.junit.AbstractCategoryItemRendererTests#test2947660,FAIL
90,org.jfree.chart.renderer.category.junit.AbstractCategoryItemRendererTests#test2947660,FAIL
111,org.jfree.chart.renderer.category.junit.AbstractCategoryItemRendererTests#test2947660,FAIL
115,org.jfree.chart.renderer.category.junit.AbstractCategoryItemRendererTests#test2947660,FAIL
118,org.jfree.chart.renderer.category.junit.AbstractCategoryItemRendererTests#test2947660,FAIL
123,org.jfree.chart.renderer.category.junit.AbstractCategoryItemRendererTests#test2947660,FAIL
124,org.jfree.chart.renderer.category.junit.AbstractCategoryItemRendererTests#test2947660,FAIL
125,org.jfree.chart.renderer.category.junit.AbstractCategoryItemRendererTests#test2947660,FAIL
126,org.jfree.chart.renderer.category.junit.AbstractCategoryItemRendererTests#test2947660,FAIL
120,org.jfree.chart.renderer.category.junit.AbstractCategoryItemRendererTests#test2947660,FAIL
124,org.jfree.chart.renderer.category.junit.AbstractCategoryItemRendererTests#test2947660,FAIL
125,org.jfree.chart.renderer.category.junit.AbstractCategoryItemRendererTests#test2947660,FAIL
126,org.jfree.chart.renderer.category.junit.AbstractCategoryItemRendererTests#test2947660,FAIL
127,org.jfree.chart.renderer.category.junit.AbstractCategoryItemRendererTests#test2947660,FAIL
128,org.jfree.chart.renderer.category.junit.AbstractCategoryItemRendererTests#test2947660,FAIL
129,org.jfree.chart.renderer.category.junit.AbstractCategoryItemRendererTests#test2947660,FAIL
130,org.jfree.chart.renderer.category.junit.AbstractCategoryItemRendererTests#test2947660,FAIL
131,org.jfree.chart.renderer.category.junit.AbstractCategoryItemRendererTests#test2947660,FAIL
132,org.jfree.chart.renderer.category.junit.AbstractCategoryItemRendererTests#test2947660,FAIL
265,org.jfree.chart.renderer.category.junit.AbstractCategoryItemRendererTests#test2947660,FAIL
265,org.jfree.chart.renderer.category.junit.AbstractCategoryItemRendererTests#test2947660,FAIL
265,org.jfree.chart.renderer.category.junit.AbstractCategoryItemRendererTests#test2947660,FAIL
265,org.jfree.chart.renderer.category.junit.AbstractCategoryItemRendererTests#test2947660,FAIL
265,org.jfree.chart.renderer.category.junit.AbstractCategoryItemRendererTests#test2947660,FAIL
268,org.jfree.chart.renderer.category.junit.AbstractCategoryItemRendererTests#test2947660,FAIL
125,org.jfree.chart.renderer.category.junit.AbstractCategoryItemRendererTests#test2947660,FAIL
168,org.jfree.chart.renderer.category.junit.AbstractCategoryItemRendererTests#test2947660,FAIL
150,org.jfree.chart.renderer.category.junit.AbstractCategoryItemRendererTests#test2947660,FAIL
150,org.jfree.chart.renderer.category.junit.AbstractCategoryItemRendererTests#test2947660,FAIL
153,org.jfree.chart.renderer.category.junit.AbstractCategoryItemRendererTests#test2947660,FAIL
156,org.jfree.chart.renderer.category.junit.AbstractCategoryItemRendererTests#test2947660,FAIL
159,org.jfree.chart.renderer.category.junit.AbstractCategoryItemRendererTests#test2947660,FAIL
159,org.jfree.chart.renderer.category.junit.AbstractCategoryItemRendererTests#test2947660,FAIL
162,org.jfree.chart.renderer.category.junit.AbstractCategoryItemRendererTests#test2947660,FAIL
162,org.jfree.chart.renderer.category.junit.AbstractCategoryItemRendererTests#test2947660,FAIL
166,org.jfree.chart.renderer.category.junit.AbstractCategoryItemRendererTests#test2947660,FAIL
166,org.jfree.chart.renderer.category.junit.AbstractCategoryItemRendererTests#test2947660,FAIL
166,org.jfree.chart.renderer.category.junit.AbstractCategoryItemRendererTests#test2947660,FAIL
166,org.jfree.chart.renderer.category.junit.AbstractCategoryItemRendererTests#test2947660,FAIL
166,org.jfree.chart.renderer.category.junit.AbstractCategoryItemRendererTests#test2947660,FAIL
166,org.jfree.chart.renderer.category.junit.AbstractCategoryItemRendererTests#test2947660,FAIL
166,org.jfree.chart.renderer.category.junit.AbstractCategoryItemRendererTests#test2947660,FAIL
166,org.jfree.chart.renderer.category.junit.AbstractCategoryItemRendererTests#test2947660,FAIL
166,org.jfree.chart.renderer.category.junit.AbstractCategoryItemRendererTests#test2947660,FAIL
166,org.jfree.chart.renderer.category.junit.AbstractCategoryItemRendererTests#test2947660,FAIL
170,org.jfree.chart.renderer.category.junit.AbstractCategoryItemRendererTests#test2947660,FAIL
170,org.jfree.chart.renderer.category.junit.AbstractCategoryItemRendererTests#test2947660,FAIL
173,org.jfree.chart.renderer.category.junit.AbstractCategoryItemRendererTests#test2947660,FAIL
305,org.jfree.chart.renderer.category.junit.AbstractCategoryItemRendererTests#test2947660,FAIL
305,org.jfree.chart.renderer.category.junit.AbstractCategoryItemRendererTests#test2947660,FAIL
378,org.jfree.chart.renderer.category.junit.AbstractCategoryItemRendererTests#test2947660,FAIL
398,org.jfree.chart.renderer.category.junit.AbstractCategoryItemRendererTests#test2947660,FAIL
399,org.jfree.chart.renderer.category.junit.AbstractCategoryItemRendererTests#test2947660,FAIL
399,org.jfree.chart.renderer.category.junit.AbstractCategoryItemRendererTests#test2947660,FAIL
401,org.jfree.chart.renderer.category.junit.AbstractCategoryItemRendererTests#test2947660,FAIL
402,org.jfree.chart.renderer.category.junit.AbstractCategoryItemRendererTests#test2947660,FAIL
402,org.jfree.chart.renderer.category.junit.AbstractCategoryItemRendererTests#test2947660,FAIL
404,org.jfree.chart.renderer.category.junit.AbstractCategoryItemRendererTests#test2947660,FAIL
405,org.jfree.chart.renderer.category.junit.AbstractCategoryItemRendererTests#test2947660,FAIL
406,org.jfree.chart.renderer.category.junit.AbstractCategoryItemRendererTests#test2947660,FAIL
406,org.jfree.chart.renderer.category.junit.AbstractCategoryItemRendererTests#test2947660,FAIL
408,org.jfree.chart.renderer.category.junit.AbstractCategoryItemRendererTests#test2947660,FAIL
409,org.jfree.chart.renderer.category.junit.AbstractCategoryItemRendererTests#test2947660,FAIL
410,org.jfree.chart.renderer.category.junit.AbstractCategoryItemRendererTests#test2947660,FAIL
410,org.jfree.chart.renderer.category.junit.AbstractCategoryItemRendererTests#test2947660,FAIL
412,org.jfree.chart.renderer.category.junit.AbstractCategoryItemRendererTests#test2947660,FAIL
413,org.jfree.chart.renderer.category.junit.AbstractCategoryItemRendererTests#test2947660,FAIL
414,org.jfree.chart.renderer.category.junit.AbstractCategoryItemRendererTests#test2947660,FAIL
414,org.jfree.chart.renderer.category.junit.AbstractCategoryItemRendererTests#test2947660,FAIL
416,org.jfree.chart.renderer.category.junit.AbstractCategoryItemRendererTests#test2947660,FAIL
417,org.jfree.chart.renderer.category.junit.AbstractCategoryItemRendererTests#test2947660,FAIL
418,org.jfree.chart.renderer.category.junit.AbstractCategoryItemRendererTests#test2947660,FAIL
418,org.jfree.chart.renderer.category.junit.AbstractCategoryItemRendererTests#test2947660,FAIL
420,org.jfree.chart.renderer.category.junit.AbstractCategoryItemRendererTests#test2947660,FAIL
421,org.jfree.chart.renderer.category.junit.AbstractCategoryItemRendererTests#test2947660,FAIL
422,org.jfree.chart.renderer.category.junit.AbstractCategoryItemRendererTests#test2947660,FAIL
422,org.jfree.chart.renderer.category.junit.AbstractCategoryItemRendererTests#test2947660,FAIL
424,org.jfree.chart.renderer.category.junit.AbstractCategoryItemRendererTests#test2947660,FAIL
425,org.jfree.chart.renderer.category.junit.AbstractCategoryItemRendererTests#test2947660,FAIL
426,org.jfree.chart.renderer.category.junit.AbstractCategoryItemRendererTests#test2947660,FAIL
426,org.jfree.chart.renderer.category.junit.AbstractCategoryItemRendererTests#test2947660,FAIL
428,org.jfree.chart.renderer.category.junit.AbstractCategoryItemRendererTests#test2947660,FAIL
429,org.jfree.chart.renderer.category.junit.AbstractCategoryItemRendererTests#test2947660,FAIL
429,org.jfree.chart.renderer.category.junit.AbstractCategoryItemRendererTests#test2947660,FAIL
431,org.jfree.chart.renderer.category.junit.AbstractCategoryItemRendererTests#test2947660,FAIL
432,org.jfree.chart.renderer.category.junit.AbstractCategoryItemRendererTests#test2947660,FAIL
432,org.jfree.chart.renderer.category.junit.AbstractCategoryItemRendererTests#test2947660,FAIL
432,org.jfree.chart.renderer.category.junit.AbstractCategoryItemRendererTests#test2947660,FAIL
434,org.jfree.chart.renderer.category.junit.AbstractCategoryItemRendererTests#test2947660,FAIL
435,org.jfree.chart.renderer.category.junit.AbstractCategoryItemRendererTests#test2947660,FAIL
437,org.jfree.chart.renderer.category.junit.AbstractCategoryItemRendererTests#test2947660,FAIL
438,org.jfree.chart.renderer.category.junit.AbstractCategoryItemRendererTests#test2947660,FAIL
441,org.jfree.chart.renderer.category.junit.AbstractCategoryItemRendererTests#test2947660,FAIL
442,org.jfree.chart.renderer.category.junit.AbstractCategoryItemRendererTests#test2947660,FAIL
445,org.jfree.chart.renderer.category.junit.AbstractCategoryItemRendererTests#test2947660,FAIL
446,org.jfree.chart.renderer.category.junit.AbstractCategoryItemRendererTests#test2947660,FAIL
446,org.jfree.chart.renderer.category.junit.AbstractCategoryItemRendererTests#test2947660,FAIL
448,org.jfree.chart.renderer.category.junit.AbstractCategoryItemRendererTests#test2947660,FAIL
448,org.jfree.chart.renderer.category.junit.AbstractCategoryItemRendererTests#test2947660,FAIL
448,org.jfree.chart.renderer.category.junit.AbstractCategoryItemRendererTests#test2947660,FAIL
450,org.jfree.chart.renderer.category.junit.AbstractCategoryItemRendererTests#test2947660,FAIL
451,org.jfree.chart.renderer.category.junit.AbstractCategoryItemRendererTests#test2947660,FAIL
453,org.jfree.chart.renderer.category.junit.AbstractCategoryItemRendererTests#test2947660,FAIL
453,org.jfree.chart.renderer.category.junit.AbstractCategoryItemRendererTests#test2947660,FAIL
455,org.jfree.chart.renderer.category.junit.AbstractCategoryItemRendererTests#test2947660,FAIL
456,org.jfree.chart.renderer.category.junit.AbstractCategoryItemRendererTests#test2947660,FAIL
458,org.jfree.chart.renderer.category.junit.AbstractCategoryItemRendererTests#test2947660,FAIL
459,org.jfree.chart.renderer.category.junit.AbstractCategoryItemRendererTests#test2947660,FAIL
461,org.jfree.chart.renderer.category.junit.AbstractCategoryItemRendererTests#test2947660,FAIL
463,org.jfree.chart.renderer.category.junit.AbstractCategoryItemRendererTests#test2947660,FAIL
464,org.jfree.chart.renderer.category.junit.AbstractCategoryItemRendererTests#test2947660,FAIL
2760,org.jfree.chart.renderer.category.junit.AbstractCategoryItemRendererTests#test2947660,FAIL
2760,org.jfree.chart.renderer.category.junit.AbstractCategoryItemRendererTests#test2947660,FAIL
2760,org.jfree.chart.renderer.category.junit.AbstractCategoryItemRendererTests#test2947660,FAIL
2760,org.jfree.chart.renderer.category.junit.AbstractCategoryItemRendererTests#test2947660,FAIL
2760,org.jfree.chart.renderer.category.junit.AbstractCategoryItemRendererTests#test2947660,FAIL
2760,org.jfree.chart.renderer.category.junit.AbstractCategoryItemRendererTests#test2947660,FAIL
2763,org.jfree.chart.renderer.category.junit.AbstractCategoryItemRendererTests#test2947660,FAIL
2763,org.jfree.chart.renderer.category.junit.AbstractCategoryItemRendererTests#test2947660,FAIL
2763,org.jfree.chart.renderer.category.junit.AbstractCategoryItemRendererTests#test2947660,FAIL
2763,org.jfree.chart.renderer.category.junit.AbstractCategoryItemRendererTests#test2947660,FAIL
2763,org.jfree.chart.renderer.category.junit.AbstractCategoryItemRendererTests#test2947660,FAIL
2763,org.jfree.chart.renderer.category.junit.AbstractCategoryItemRendererTests#test2947660,FAIL
2892,org.jfree.chart.renderer.category.junit.AbstractCategoryItemRendererTests#test2947660,FAIL
2895,org.jfree.chart.renderer.category.junit.AbstractCategoryItemRendererTests#test2947660,FAIL
250,org.jfree.chart.renderer.category.junit.AbstractCategoryItemRendererTests#test2947660,FAIL
251,org.jfree.chart.renderer.category.junit.AbstractCategoryItemRendererTests#test2947660,FAIL
252,org.jfree.chart.renderer.category.junit.AbstractCategoryItemRendererTests#test2947660,FAIL
253,org.jfree.chart.renderer.category.junit.AbstractCategoryItemRendererTests#test2947660,FAIL
255,org.jfree.chart.renderer.category.junit.AbstractCategoryItemRendererTests#test2947660,FAIL
256,org.jfree.chart.renderer.category.junit.AbstractCategoryItemRendererTests#test2947660,FAIL
293,org.jfree.chart.renderer.category.junit.AbstractCategoryItemRendererTests#test2947660,FAIL
296,org.jfree.chart.renderer.category.junit.AbstractCategoryItemRendererTests#test2947660,FAIL
1791,org.jfree.chart.renderer.category.junit.AbstractCategoryItemRendererTests#test2947660,FAIL
1792,org.jfree.chart.renderer.category.junit.AbstractCategoryItemRendererTests#test2947660,FAIL
1793,org.jfree.chart.renderer.category.junit.AbstractCategoryItemRendererTests#test2947660,FAIL
1795,org.jfree.chart.renderer.category.junit.AbstractCategoryItemRendererTests#test2947660,FAIL
1796,org.jfree.chart.renderer.category.junit.AbstractCategoryItemRendererTests#test2947660,FAIL
1797,org.jfree.chart.renderer.category.junit.AbstractCategoryItemRendererTests#test2947660,FAIL
1798,org.jfree.chart.renderer.category.junit.AbstractCategoryItemRendererTests#test2947660,FAIL
84,org.jfree.chart.renderer.category.junit.AbstractCategoryItemRendererTests#test2947660,FAIL
87,org.jfree.chart.renderer.category.junit.AbstractCategoryItemRendererTests#test2947660,FAIL
84,org.jfree.chart.renderer.category.junit.AbstractCategoryItemRendererTests#test2947660,FAIL
87,org.jfree.chart.renderer.category.junit.AbstractCategoryItemRendererTests#test2947660,FAIL
91,org.jfree.chart.renderer.category.junit.AbstractCategoryItemRendererTests#test2947660,FAIL
96,org.jfree.chart.renderer.category.junit.AbstractCategoryItemRendererTests#test2947660,FAIL
96,org.jfree.chart.renderer.category.junit.AbstractCategoryItemRendererTests#test2947660,FAIL
101,org.jfree.chart.renderer.category.junit.AbstractCategoryItemRendererTests#test2947660,FAIL
101,org.jfree.chart.renderer.category.junit.AbstractCategoryItemRendererTests#test2947660,FAIL
106,org.jfree.chart.renderer.category.junit.AbstractCategoryItemRendererTests#test2947660,FAIL
199,org.jfree.chart.renderer.category.junit.AbstractCategoryItemRendererTests#test2947660,FAIL
200,org.jfree.chart.renderer.category.junit.AbstractCategoryItemRendererTests#test2947660,FAIL
201,org.jfree.chart.renderer.category.junit.AbstractCategoryItemRendererTests#test2947660,FAIL
202,org.jfree.chart.renderer.category.junit.AbstractCategoryItemRendererTests#test2947660,FAIL
203,org.jfree.chart.renderer.category.junit.AbstractCategoryItemRendererTests#test2947660,FAIL
204,org.jfree.chart.renderer.category.junit.AbstractCategoryItemRendererTests#test2947660,FAIL
289,org.jfree.chart.renderer.category.junit.AbstractCategoryItemRendererTests#test2947660,FAIL
289,org.jfree.chart.renderer.category.junit.AbstractCategoryItemRendererTests#test2947660,FAIL
291,org.jfree.chart.renderer.category.junit.AbstractCategoryItemRendererTests#test2947660,FAIL
291,org.jfree.chart.renderer.category.junit.AbstractCategoryItemRendererTests#test2947660,FAIL
292,org.jfree.chart.renderer.category.junit.AbstractCategoryItemRendererTests#test2947660,FAIL
292,org.jfree.chart.renderer.category.junit.AbstractCategoryItemRendererTests#test2947660,FAIL
292,org.jfree.chart.renderer.category.junit.AbstractCategoryItemRendererTests#test2947660,FAIL
292,org.jfree.chart.renderer.category.junit.AbstractCategoryItemRendererTests#test2947660,FAIL
292,org.jfree.chart.renderer.category.junit.AbstractCategoryItemRendererTests#test2947660,FAIL
292,org.jfree.chart.renderer.category.junit.AbstractCategoryItemRendererTests#test2947660,FAIL
297,org.jfree.chart.renderer.category.junit.AbstractCategoryItemRendererTests#test2947660,FAIL
297,org.jfree.chart.renderer.category.junit.AbstractCategoryItemRendererTests#test2947660,FAIL
297,org.jfree.chart.renderer.category.junit.AbstractCategoryItemRendererTests#test2947660,FAIL
297,org.jfree.chart.renderer.category.junit.AbstractCategoryItemRendererTests#test2947660,FAIL
297,org.jfree.chart.renderer.category.junit.AbstractCategoryItemRendererTests#test2947660,FAIL
299,org.jfree.chart.renderer.category.junit.AbstractCategoryItemRendererTests#test2947660,FAIL
299,org.jfree.chart.renderer.category.junit.AbstractCategoryItemRendererTests#test2947660,FAIL
299,org.jfree.chart.renderer.category.junit.AbstractCategoryItemRendererTests#test2947660,FAIL
299,org.jfree.chart.renderer.category.junit.AbstractCategoryItemRendererTests#test2947660,FAIL
299,org.jfree.chart.renderer.category.junit.AbstractCategoryItemRendererTests#test2947660,FAIL
302,org.jfree.chart.renderer.category.junit.AbstractCategoryItemRendererTests#test2947660,FAIL
302,org.jfree.chart.renderer.category.junit.AbstractCategoryItemRendererTests#test2947660,FAIL
302,org.jfree.chart.renderer.category.junit.AbstractCategoryItemRendererTests#test2947660,FAIL
302,org.jfree.chart.renderer.category.junit.AbstractCategoryItemRendererTests#test2947660,FAIL
303,org.jfree.chart.renderer.category.junit.AbstractCategoryItemRendererTests#test2947660,FAIL
303,org.jfree.chart.renderer.category.junit.AbstractCategoryItemRendererTests#test2947660,FAIL
304,org.jfree.chart.renderer.category.junit.AbstractCategoryItemRendererTests#test2947660,FAIL
304,org.jfree.chart.renderer.category.junit.AbstractCategoryItemRendererTests#test2947660,FAIL
304,org.jfree.chart.renderer.category.junit.AbstractCategoryItemRendererTests#test2947660,FAIL
304,org.jfree.chart.renderer.category.junit.AbstractCategoryItemRendererTests#test2947660,FAIL
304,org.jfree.chart.renderer.category.junit.AbstractCategoryItemRendererTests#test2947660,FAIL
307,org.jfree.chart.renderer.category.junit.AbstractCategoryItemRendererTests#test2947660,FAIL
307,org.jfree.chart.renderer.category.junit.AbstractCategoryItemRendererTests#test2947660,FAIL
307,org.jfree.chart.renderer.category.junit.AbstractCategoryItemRendererTests#test2947660,FAIL
307,org.jfree.chart.renderer.category.junit.AbstractCategoryItemRendererTests#test2947660,FAIL
307,org.jfree.chart.renderer.category.junit.AbstractCategoryItemRendererTests#test2947660,FAIL
307,org.jfree.chart.renderer.category.junit.AbstractCategoryItemRendererTests#test2947660,FAIL
308,org.jfree.chart.renderer.category.junit.AbstractCategoryItemRendererTests#test2947660,FAIL
308,org.jfree.chart.renderer.category.junit.AbstractCategoryItemRendererTests#test2947660,FAIL
308,org.jfree.chart.renderer.category.junit.AbstractCategoryItemRendererTests#test2947660,FAIL
308,org.jfree.chart.renderer.category.junit.AbstractCategoryItemRendererTests#test2947660,FAIL
308,org.jfree.chart.renderer.category.junit.AbstractCategoryItemRendererTests#test2947660,FAIL
308,org.jfree.chart.renderer.category.junit.AbstractCategoryItemRendererTests#test2947660,FAIL
309,org.jfree.chart.renderer.category.junit.AbstractCategoryItemRendererTests#test2947660,FAIL
309,org.jfree.chart.renderer.category.junit.AbstractCategoryItemRendererTests#test2947660,FAIL
309,org.jfree.chart.renderer.category.junit.AbstractCategoryItemRendererTests#test2947660,FAIL
309,org.jfree.chart.renderer.category.junit.AbstractCategoryItemRendererTests#test2947660,FAIL
309,org.jfree.chart.renderer.category.junit.AbstractCategoryItemRendererTests#test2947660,FAIL
312,org.jfree.chart.renderer.category.junit.AbstractCategoryItemRendererTests#test2947660,FAIL
312,org.jfree.chart.renderer.category.junit.AbstractCategoryItemRendererTests#test2947660,FAIL
312,org.jfree.chart.renderer.category.junit.AbstractCategoryItemRendererTests#test2947660,FAIL
312,org.jfree.chart.renderer.category.junit.AbstractCategoryItemRendererTests#test2947660,FAIL
312,org.jfree.chart.renderer.category.junit.AbstractCategoryItemRendererTests#test2947660,FAIL
312,org.jfree.chart.renderer.category.junit.AbstractCategoryItemRendererTests#test2947660,FAIL
312,org.jfree.chart.renderer.category.junit.AbstractCategoryItemRendererTests#test2947660,FAIL
312,org.jfree.chart.renderer.category.junit.AbstractCategoryItemRendererTests#test2947660,FAIL
312,org.jfree.chart.renderer.category.junit.AbstractCategoryItemRendererTests#test2947660,FAIL
312,org.jfree.chart.renderer.category.junit.AbstractCategoryItemRendererTests#test2947660,FAIL
312,org.jfree.chart.renderer.category.junit.AbstractCategoryItemRendererTests#test2947660,FAIL
312,org.jfree.chart.renderer.category.junit.AbstractCategoryItemRendererTests#test2947660,FAIL
312,org.jfree.chart.renderer.category.junit.AbstractCategoryItemRendererTests#test2947660,FAIL
312,org.jfree.chart.renderer.category.junit.AbstractCategoryItemRendererTests#test2947660,FAIL
312,org.jfree.chart.renderer.category.junit.AbstractCategoryItemRendererTests#test2947660,FAIL
312,org.jfree.chart.renderer.category.junit.AbstractCategoryItemRendererTests#test2947660,FAIL
312,org.jfree.chart.renderer.category.junit.AbstractCategoryItemRendererTests#test2947660,FAIL
315,org.jfree.chart.renderer.category.junit.AbstractCategoryItemRendererTests#test2947660,FAIL
315,org.jfree.chart.renderer.category.junit.AbstractCategoryItemRendererTests#test2947660,FAIL
315,org.jfree.chart.renderer.category.junit.AbstractCategoryItemRendererTests#test2947660,FAIL
315,org.jfree.chart.renderer.category.junit.AbstractCategoryItemRendererTests#test2947660,FAIL
315,org.jfree.chart.renderer.category.junit.AbstractCategoryItemRendererTests#test2947660,FAIL
316,org.jfree.chart.renderer.category.junit.AbstractCategoryItemRendererTests#test2947660,FAIL
316,org.jfree.chart.renderer.category.junit.AbstractCategoryItemRendererTests#test2947660,FAIL
316,org.jfree.chart.renderer.category.junit.AbstractCategoryItemRendererTests#test2947660,FAIL
317,org.jfree.chart.renderer.category.junit.AbstractCategoryItemRendererTests#test2947660,FAIL
317,org.jfree.chart.renderer.category.junit.AbstractCategoryItemRendererTests#test2947660,FAIL
317,org.jfree.chart.renderer.category.junit.AbstractCategoryItemRendererTests#test2947660,FAIL
317,org.jfree.chart.renderer.category.junit.AbstractCategoryItemRendererTests#test2947660,FAIL
317,org.jfree.chart.renderer.category.junit.AbstractCategoryItemRendererTests#test2947660,FAIL
320,org.jfree.chart.renderer.category.junit.AbstractCategoryItemRendererTests#test2947660,FAIL
320,org.jfree.chart.renderer.category.junit.AbstractCategoryItemRendererTests#test2947660,FAIL
320,org.jfree.chart.renderer.category.junit.AbstractCategoryItemRendererTests#test2947660,FAIL
320,org.jfree.chart.renderer.category.junit.AbstractCategoryItemRendererTests#test2947660,FAIL
320,org.jfree.chart.renderer.category.junit.AbstractCategoryItemRendererTests#test2947660,FAIL
320,org.jfree.chart.renderer.category.junit.AbstractCategoryItemRendererTests#test2947660,FAIL
320,org.jfree.chart.renderer.category.junit.AbstractCategoryItemRendererTests#test2947660,FAIL
320,org.jfree.chart.renderer.category.junit.AbstractCategoryItemRendererTests#test2947660,FAIL
320,org.jfree.chart.renderer.category.junit.AbstractCategoryItemRendererTests#test2947660,FAIL
320,org.jfree.chart.renderer.category.junit.AbstractCategoryItemRendererTests#test2947660,FAIL
320,org.jfree.chart.renderer.category.junit.AbstractCategoryItemRendererTests#test2947660,FAIL
320,org.jfree.chart.renderer.category.junit.AbstractCategoryItemRendererTests#test2947660,FAIL
320,org.jfree.chart.renderer.category.junit.AbstractCategoryItemRendererTests#test2947660,FAIL
320,org.jfree.chart.renderer.category.junit.AbstractCategoryItemRendererTests#test2947660,FAIL
320,org.jfree.chart.renderer.category.junit.AbstractCategoryItemRendererTests#test2947660,FAIL
320,org.jfree.chart.renderer.category.junit.AbstractCategoryItemRendererTests#test2947660,FAIL
320,org.jfree.chart.renderer.category.junit.AbstractCategoryItemRendererTests#test2947660,FAIL
323,org.jfree.chart.renderer.category.junit.AbstractCategoryItemRendererTests#test2947660,FAIL
323,org.jfree.chart.renderer.category.junit.AbstractCategoryItemRendererTests#test2947660,FAIL
323,org.jfree.chart.renderer.category.junit.AbstractCategoryItemRendererTests#test2947660,FAIL
324,org.jfree.chart.renderer.category.junit.AbstractCategoryItemRendererTests#test2947660,FAIL
324,org.jfree.chart.renderer.category.junit.AbstractCategoryItemRendererTests#test2947660,FAIL
324,org.jfree.chart.renderer.category.junit.AbstractCategoryItemRendererTests#test2947660,FAIL
324,org.jfree.chart.renderer.category.junit.AbstractCategoryItemRendererTests#test2947660,FAIL
325,org.jfree.chart.renderer.category.junit.AbstractCategoryItemRendererTests#test2947660,FAIL
325,org.jfree.chart.renderer.category.junit.AbstractCategoryItemRendererTests#test2947660,FAIL
325,org.jfree.chart.renderer.category.junit.AbstractCategoryItemRendererTests#test2947660,FAIL
325,org.jfree.chart.renderer.category.junit.AbstractCategoryItemRendererTests#test2947660,FAIL
325,org.jfree.chart.renderer.category.junit.AbstractCategoryItemRendererTests#test2947660,FAIL
328,org.jfree.chart.renderer.category.junit.AbstractCategoryItemRendererTests#test2947660,FAIL
328,org.jfree.chart.renderer.category.junit.AbstractCategoryItemRendererTests#test2947660,FAIL
328,org.jfree.chart.renderer.category.junit.AbstractCategoryItemRendererTests#test2947660,FAIL
328,org.jfree.chart.renderer.category.junit.AbstractCategoryItemRendererTests#test2947660,FAIL
328,org.jfree.chart.renderer.category.junit.AbstractCategoryItemRendererTests#test2947660,FAIL
328,org.jfree.chart.renderer.category.junit.AbstractCategoryItemRendererTests#test2947660,FAIL
328,org.jfree.chart.renderer.category.junit.AbstractCategoryItemRendererTests#test2947660,FAIL
328,org.jfree.chart.renderer.category.junit.AbstractCategoryItemRendererTests#test2947660,FAIL
328,org.jfree.chart.renderer.category.junit.AbstractCategoryItemRendererTests#test2947660,FAIL
328,org.jfree.chart.renderer.category.junit.AbstractCategoryItemRendererTests#test2947660,FAIL
328,org.jfree.chart.renderer.category.junit.AbstractCategoryItemRendererTests#test2947660,FAIL
328,org.jfree.chart.renderer.category.junit.AbstractCategoryItemRendererTests#test2947660,FAIL
328,org.jfree.chart.renderer.category.junit.AbstractCategoryItemRendererTests#test2947660,FAIL
328,org.jfree.chart.renderer.category.junit.AbstractCategoryItemRendererTests#test2947660,FAIL
328,org.jfree.chart.renderer.category.junit.AbstractCategoryItemRendererTests#test2947660,FAIL
328,org.jfree.chart.renderer.category.junit.AbstractCategoryItemRendererTests#test2947660,FAIL
328,org.jfree.chart.renderer.category.junit.AbstractCategoryItemRendererTests#test2947660,FAIL
331,org.jfree.chart.renderer.category.junit.AbstractCategoryItemRendererTests#test2947660,FAIL
331,org.jfree.chart.renderer.category.junit.AbstractCategoryItemRendererTests#test2947660,FAIL
332,org.jfree.chart.renderer.category.junit.AbstractCategoryItemRendererTests#test2947660,FAIL
332,org.jfree.chart.renderer.category.junit.AbstractCategoryItemRendererTests#test2947660,FAIL
332,org.jfree.chart.renderer.category.junit.AbstractCategoryItemRendererTests#test2947660,FAIL
332,org.jfree.chart.renderer.category.junit.AbstractCategoryItemRendererTests#test2947660,FAIL
332,org.jfree.chart.renderer.category.junit.AbstractCategoryItemRendererTests#test2947660,FAIL
333,org.jfree.chart.renderer.category.junit.AbstractCategoryItemRendererTests#test2947660,FAIL
333,org.jfree.chart.renderer.category.junit.AbstractCategoryItemRendererTests#test2947660,FAIL
333,org.jfree.chart.renderer.category.junit.AbstractCategoryItemRendererTests#test2947660,FAIL
333,org.jfree.chart.renderer.category.junit.AbstractCategoryItemRendererTests#test2947660,FAIL
333,org.jfree.chart.renderer.category.junit.AbstractCategoryItemRendererTests#test2947660,FAIL
335,org.jfree.chart.renderer.category.junit.AbstractCategoryItemRendererTests#test2947660,FAIL
517,org.jfree.chart.renderer.category.junit.AbstractCategoryItemRendererTests#test2947660,FAIL
532,org.jfree.chart.renderer.category.junit.AbstractCategoryItemRendererTests#test2947660,FAIL
201,org.jfree.chart.renderer.category.junit.AbstractCategoryItemRendererTests#test2947660,FAIL
201,org.jfree.chart.renderer.category.junit.AbstractCategoryItemRendererTests#test2947660,FAIL
212,org.jfree.chart.renderer.category.junit.AbstractCategoryItemRendererTests#test2947660,FAIL
213,org.jfree.chart.renderer.category.junit.AbstractCategoryItemRendererTests#test2947660,FAIL
214,org.jfree.chart.renderer.category.junit.AbstractCategoryItemRendererTests#test2947660,FAIL
215,org.jfree.chart.renderer.category.junit.AbstractCategoryItemRendererTests#test2947660,FAIL
216,org.jfree.chart.renderer.category.junit.AbstractCategoryItemRendererTests#test2947660,FAIL
217,org.jfree.chart.renderer.category.junit.AbstractCategoryItemRendererTests#test2947660,FAIL
217,org.jfree.chart.renderer.category.junit.AbstractCategoryItemRendererTests#test2947660,FAIL
218,org.jfree.chart.renderer.category.junit.AbstractCategoryItemRendererTests#test2947660,FAIL
218,org.jfree.chart.renderer.category.junit.AbstractCategoryItemRendererTests#test2947660,FAIL
219,org.jfree.chart.renderer.category.junit.AbstractCategoryItemRendererTests#test2947660,FAIL
219,org.jfree.chart.renderer.category.junit.AbstractCategoryItemRendererTests#test2947660,FAIL
220,org.jfree.chart.renderer.category.junit.AbstractCategoryItemRendererTests#test2947660,FAIL
220,org.jfree.chart.renderer.category.junit.AbstractCategoryItemRendererTests#test2947660,FAIL
221,org.jfree.chart.renderer.category.junit.AbstractCategoryItemRendererTests#test2947660,FAIL
221,org.jfree.chart.renderer.category.junit.AbstractCategoryItemRendererTests#test2947660,FAIL
222,org.jfree.chart.renderer.category.junit.AbstractCategoryItemRendererTests#test2947660,FAIL
222,org.jfree.chart.renderer.category.junit.AbstractCategoryItemRendererTests#test2947660,FAIL
222,org.jfree.chart.renderer.category.junit.AbstractCategoryItemRendererTests#test2947660,FAIL
78,org.jfree.chart.renderer.category.junit.AbstractCategoryItemRendererTests#test2947660,FAIL
78,org.jfree.chart.renderer.category.junit.AbstractCategoryItemRendererTests#test2947660,FAIL
78,org.jfree.chart.renderer.category.junit.AbstractCategoryItemRendererTests#test2947660,FAIL
78,org.jfree.chart.renderer.category.junit.AbstractCategoryItemRendererTests#test2947660,FAIL
78,org.jfree.chart.renderer.category.junit.AbstractCategoryItemRendererTests#test2947660,FAIL
78,org.jfree.chart.renderer.category.junit.AbstractCategoryItemRendererTests#test2947660,FAIL
78,org.jfree.chart.renderer.category.junit.AbstractCategoryItemRendererTests#test2947660,FAIL
78,org.jfree.chart.renderer.category.junit.AbstractCategoryItemRendererTests#test2947660,FAIL
78,org.jfree.chart.renderer.category.junit.AbstractCategoryItemRendererTests#test2947660,FAIL
78,org.jfree.chart.renderer.category.junit.AbstractCategoryItemRendererTests#test2947660,FAIL
78,org.jfree.chart.renderer.category.junit.AbstractCategoryItemRendererTests#test2947660,FAIL
78,org.jfree.chart.renderer.category.junit.AbstractCategoryItemRendererTests#test2947660,FAIL
78,org.jfree.chart.renderer.category.junit.AbstractCategoryItemRendererTests#test2947660,FAIL
92,org.jfree.chart.renderer.category.junit.AbstractCategoryItemRendererTests#test2947660,FAIL
95,org.jfree.chart.renderer.category.junit.AbstractCategoryItemRendererTests#test2947660,FAIL
96,org.jfree.chart.renderer.category.junit.AbstractCategoryItemRendererTests#test2947660,FAIL
97,org.jfree.chart.renderer.category.junit.AbstractCategoryItemRendererTests#test2947660,FAIL
98,org.jfree.chart.renderer.category.junit.AbstractCategoryItemRendererTests#test2947660,FAIL
99,org.jfree.chart.renderer.category.junit.AbstractCategoryItemRendererTests#test2947660,FAIL
122,org.jfree.chart.renderer.category.junit.AbstractCategoryItemRendererTests#test2947660,FAIL
128,org.jfree.chart.renderer.category.junit.AbstractCategoryItemRendererTests#test2947660,FAIL
72,org.jfree.chart.renderer.category.junit.AbstractCategoryItemRendererTests#test2947660,FAIL
73,org.jfree.chart.renderer.category.junit.AbstractCategoryItemRendererTests#test2947660,FAIL
73,org.jfree.chart.renderer.category.junit.AbstractCategoryItemRendererTests#test2947660,FAIL
133,org.jfree.chart.renderer.category.junit.AbstractCategoryItemRendererTests#test2947660,FAIL
136,org.jfree.chart.renderer.category.junit.AbstractCategoryItemRendererTests#test2947660,FAIL
136,org.jfree.chart.renderer.category.junit.AbstractCategoryItemRendererTests#test2947660,FAIL
137,org.jfree.chart.renderer.category.junit.AbstractCategoryItemRendererTests#test2947660,FAIL
145,org.jfree.chart.renderer.category.junit.AbstractCategoryItemRendererTests#test2947660,FAIL
145,org.jfree.chart.renderer.category.junit.AbstractCategoryItemRendererTests#test2947660,FAIL
205,org.jfree.chart.renderer.category.junit.AbstractCategoryItemRendererTests#test2947660,FAIL
206,org.jfree.chart.renderer.category.junit.AbstractCategoryItemRendererTests#test2947660,FAIL
206,org.jfree.chart.renderer.category.junit.AbstractCategoryItemRendererTests#test2947660,FAIL
206,org.jfree.chart.renderer.category.junit.AbstractCategoryItemRendererTests#test2947660,FAIL
206,org.jfree.chart.renderer.category.junit.AbstractCategoryItemRendererTests#test2947660,FAIL
206,org.jfree.chart.renderer.category.junit.AbstractCategoryItemRendererTests#test2947660,FAIL
211,org.jfree.chart.renderer.category.junit.AbstractCategoryItemRendererTests#test2947660,FAIL
212,org.jfree.chart.renderer.category.junit.AbstractCategoryItemRendererTests#test2947660,FAIL
74,org.jfree.chart.renderer.category.junit.AbstractCategoryItemRendererTests#test2947660,FAIL
75,org.jfree.chart.renderer.category.junit.AbstractCategoryItemRendererTests#test2947660,FAIL
76,org.jfree.chart.renderer.category.junit.AbstractCategoryItemRendererTests#test2947660,FAIL
257,org.jfree.chart.renderer.category.junit.AbstractCategoryItemRendererTests#test2947660,FAIL
270,org.jfree.chart.renderer.category.junit.AbstractCategoryItemRendererTests#test2947660,FAIL
273,org.jfree.chart.renderer.category.junit.AbstractCategoryItemRendererTests#test2947660,FAIL
277,org.jfree.chart.renderer.category.junit.AbstractCategoryItemRendererTests#test2947660,FAIL
278,org.jfree.chart.renderer.category.junit.AbstractCategoryItemRendererTests#test2947660,FAIL
278,org.jfree.chart.renderer.category.junit.AbstractCategoryItemRendererTests#test2947660,FAIL
278,org.jfree.chart.renderer.category.junit.AbstractCategoryItemRendererTests#test2947660,FAIL
278,org.jfree.chart.renderer.category.junit.AbstractCategoryItemRendererTests#test2947660,FAIL
278,org.jfree.chart.renderer.category.junit.AbstractCategoryItemRendererTests#test2947660,FAIL
282,org.jfree.chart.renderer.category.junit.AbstractCategoryItemRendererTests#test2947660,FAIL
283,org.jfree.chart.renderer.category.junit.AbstractCategoryItemRendererTests#test2947660,FAIL
284,org.jfree.chart.renderer.category.junit.AbstractCategoryItemRendererTests#test2947660,FAIL
286,org.jfree.chart.renderer.category.junit.AbstractCategoryItemRendererTests#test2947660,FAIL
287,org.jfree.chart.renderer.category.junit.AbstractCategoryItemRendererTests#test2947660,FAIL
288,org.jfree.chart.renderer.category.junit.AbstractCategoryItemRendererTests#test2947660,FAIL
288,org.jfree.chart.renderer.category.junit.AbstractCategoryItemRendererTests#test2947660,FAIL
288,org.jfree.chart.renderer.category.junit.AbstractCategoryItemRendererTests#test2947660,FAIL
288,org.jfree.chart.renderer.category.junit.AbstractCategoryItemRendererTests#test2947660,FAIL
288,org.jfree.chart.renderer.category.junit.AbstractCategoryItemRendererTests#test2947660,FAIL
289,org.jfree.chart.renderer.category.junit.AbstractCategoryItemRendererTests#test2947660,FAIL
65,org.jfree.chart.renderer.category.junit.AbstractCategoryItemRendererTests#test2947660,FAIL
75,org.jfree.chart.renderer.category.junit.AbstractCategoryItemRendererTests#test2947660,FAIL
76,org.jfree.chart.renderer.category.junit.AbstractCategoryItemRendererTests#test2947660,FAIL
87,org.jfree.chart.renderer.category.junit.AbstractCategoryItemRendererTests#test2947660,FAIL
88,org.jfree.chart.renderer.category.junit.AbstractCategoryItemRendererTests#test2947660,FAIL
81,org.jfree.chart.renderer.category.junit.AbstractCategoryItemRendererTests#test2947660,FAIL
83,org.jfree.chart.renderer.category.junit.AbstractCategoryItemRendererTests#test2947660,FAIL
243,org.jfree.chart.renderer.category.junit.AbstractCategoryItemRendererTests#test2947660,FAIL
244,org.jfree.chart.renderer.category.junit.AbstractCategoryItemRendererTests#test2947660,FAIL
259,org.jfree.chart.renderer.category.junit.AbstractCategoryItemRendererTests#test2947660,FAIL
